customer_id,signup_date,zone,area,home_lat,home_lng,vehicle_size,is_subscriber,total_bookings,avg_rating,complaints,days_since_last_booking,churned
U00001,2025-05-26,north,Cyber Hub,28.47399,77.10918,hatchback,0,7,3.57,1,110,
U00002,2025-01-29,north,Udyog Vihar,28.4997,77.08948,sedan,0,12,4.08,0,32,
U00003,2024-10-23,west,Palam Vihar,28.51986,77.03793,hatchback,1,26,4.38,0,18,1
U00004,2025-09-03,north,Cyber Hub,28.50218,77.07381,hatchback,1,29,4.1,0,2,1
U00005,2025-04-02,north,Golf Course Road,28.42636,77.11118,suv,1,21,3.0,4,44,1
U00006,2024-03-06,west,Sector 14,28.46561,77.00189,suv,0,9,4.11,0,93,
U00007,2024-08-15,north,Golf Course Road,28.44954,77.10927,hatchback,1,34,4.62,0,52,0
U00008,2024-04-13,east,Sector 56,28.41174,77.09967,hatchback,0,11,4.73,0,85,
U00009,2024-06-21,south,Sohna Road,28.38862,77.03753,sedan,0,4,4.25,0,7,
U00010,2025-01-29,north,DLF Phase 3,28.49917,77.10135,suv,0,8,3.88,0,78,
U00011,2024-05-28,north,Golf Course Road,28.41227,77.12029,sedan,0,10,3.5,0,13,
U00012,2025-10-08,north,Udyog Vihar,28.50962,77.08012,suv,0,8,3.38,0,34,
U00013,2024-10-23,west,New Gurgaon,28.42076,77.00732,sedan,1,29,3.79,0,5,0
U00014,2024-02-11,north,DLF Phase 3,28.49267,77.10525,suv,0,8,3.62,0,28,
U00015,2024-10-07,north,Cyber Hub,28.49148,77.10202,hatchback,0,8,3.25,1,215,
U00016,2024-12-21,east,Sector 56,28.42968,77.11547,hatchback,0,11,3.73,1,327,
U00017,2024-06-16,north,Golf Course Road,28.41953,77.11136,sedan,0,11,3.36,0,16,
U00018,2025-01-25,north,Golf Course Road,28.46285,77.11527,sedan,0,5,3.8,0,5,
U00019,2025-07-22,north,Cyber Hub,28.47169,77.08267,suv,1,29,4.07,0,7,0
U00020,2024-05-06,north,Cyber Hub,28.48995,77.10101,sedan,1,28,3.79,1,24,0
U00021,2025-09-03,west,New Gurgaon,28.40606,76.99692,suv,0,6,4.0,0,62,
U00022,2024-02-24,north,DLF Phase 3,28.49498,77.11482,hatchback,0,8,3.5,0,49,
U00023,2024-08-18,north,Golf Course Road,28.43051,77.09888,hatchback,0,4,3.25,0,101,
U00024,2024-02-06,north,Golf Course Road,28.44917,77.09833,sedan,0,7,3.57,0,95,
U00025,2024-10-01,north,Cyber Hub,28.48626,77.06311,hatchback,0,11,4.45,0,112,
U00026,2025-04-10,north,Golf Course Road,28.42525,77.10076,sedan,1,31,3.84,1,4,0
U00027,2025-06-08,north,Udyog Vihar,28.48337,77.08368,sedan,1,37,4.27,0,19,0
U00028,2025-11-24,north,DLF Phase 3,28.5013,77.08361,suv,0,5,4.2,0,293,
U00029,2025-05-01,east,Sector 56,28.43726,77.0996,hatchback,0,5,3.6,0,160,
U00030,2024-10-13,north,Cyber Hub,28.47516,77.0578,suv,1,32,3.59,0,8,0
U00031,2025-05-26,east,Sector 56,28.44377,77.09309,sedan,0,9,3.89,0,5,
U00032,2024-01-11,west,Palam Vihar,28.51802,77.03549,hatchback,0,6,4.0,0,84,
U00033,2024-02-11,north,DLF Phase 3,28.50364,77.09418,sedan,0,12,3.67,0,0,
U00034,2025-05-13,east,Sector 56,28.40851,77.07892,sedan,0,16,3.25,1,9,
U00035,2025-11-02,south,Sohna Road,28.39782,77.04702,suv,1,26,4.04,0,8,1
U00036,2024-12-27,north,Golf Course Road,28.4467,77.10947,sedan,0,13,4.69,0,28,
U00037,2025-07-20,north,Cyber Hub,28.51032,77.09092,sedan,1,33,4.0,0,37,0
U00038,2025-06-19,east,Sector 56,28.42138,77.09809,sedan,1,25,3.84,0,31,0
U00039,2025-08-19,north,Golf Course Road,28.44183,77.10201,hatchback,0,8,4.38,0,66,
U00040,2025-08-24,north,Cyber Hub,28.49796,77.08863,suv,1,30,4.6,0,13,0
U00041,2025-05-11,south,Sohna Road,28.4174,77.03613,hatchback,1,34,3.53,1,42,1
U00042,2025-03-08,west,Sector 14,28.46168,77.02105,suv,0,9,3.33,1,76,
U00043,2024-10-03,south,Sohna Road,28.42384,77.04826,sedan,1,26,3.54,0,38,0
U00044,2025-05-02,south,Sohna Road,28.42449,77.02692,sedan,1,19,4.32,0,80,0
U00045,2024-05-05,south,Sohna Road,28.39741,77.03819,sedan,1,27,4.04,0,37,1
U00046,2024-08-25,north,Cyber Hub,28.51132,77.08348,hatchback,0,12,3.67,0,92,
U00047,2024-10-16,south,Sohna Road,28.39098,77.03872,hatchback,0,15,4.2,0,86,
U00048,2024-01-26,south,Sohna Road,28.41506,77.04342,sedan,0,10,4.2,0,74,
U00049,2024-07-21,south,Manesar,28.33649,76.94032,suv,1,41,3.78,0,3,0
U00050,2025-08-12,north,Udyog Vihar,28.50386,77.05987,hatchback,0,3,3.67,0,146,
U00051,2024-03-29,north,Cyber Hub,28.49134,77.09012,sedan,0,7,3.71,0,3,
U00052,2025-10-05,north,Udyog Vihar,28.49504,77.07937,sedan,0,6,4.33,0,95,
U00053,2024-06-27,north,Golf Course Road,28.45397,77.12391,sedan,0,10,3.6,0,116,
U00054,2024-09-04,north,Cyber Hub,28.48828,77.08323,hatchback,1,38,4.08,0,28,0
U00055,2024-06-22,north,Golf Course Road,28.42477,77.09837,sedan,0,8,4.25,0,115,
U00056,2024-04-25,west,Sector 14,28.46563,77.02807,hatchback,1,41,3.9,0,2,0
U00057,2024-09-27,north,Udyog Vihar,28.50848,77.08682,hatchback,0,5,4.8,0,205,
U00058,2024-09-08,west,Palam Vihar,28.50023,77.05103,hatchback,1,30,4.53,0,23,0
U00059,2025-01-23,north,Cyber Hub,28.48799,77.08599,hatchback,0,8,4.25,0,86,
U00060,2025-02-16,north,Cyber Hub,28.48475,77.07259,suv,0,7,4.43,0,221,
U00061,2025-03-26,north,Udyog Vihar,28.49611,77.09211,sedan,1,29,3.9,1,69,0
U00062,2024-03-05,north,Cyber Hub,28.49392,77.10577,sedan,0,7,4.43,0,24,
U00063,2025-10-02,north,Cyber Hub,28.50134,77.08205,suv,0,8,3.75,0,3,
U00064,2025-10-24,north,Golf Course Road,28.45393,77.07576,hatchback,0,10,4.0,0,39,
U00065,2025-01-03,north,Cyber Hub,28.48208,77.07458,sedan,0,12,4.17,0,18,
U00066,2024-09-14,west,Sector 14,28.46272,77.02988,sedan,0,8,4.62,0,12,
U00067,2025-05-30,north,DLF Phase 3,28.49836,77.08677,sedan,1,30,3.37,0,26,0
U00068,2024-04-05,south,Sohna Road,28.38944,77.05226,hatchback,0,7,3.57,0,10,
U00069,2025-07-30,north,Udyog Vihar,28.5298,77.09979,hatchback,0,5,4.0,0,4,
U00070,2024-12-31,north,Golf Course Road,28.43123,77.10347,sedan,0,12,3.42,0,17,
U00071,2025-08-18,south,Manesar,28.36837,76.93677,sedan,0,11,4.09,0,95,
U00072,2024-10-02,west,Palam Vihar,28.51886,77.04324,suv,1,10,3.8,0,53,0
U00073,2024-03-18,north,DLF Phase 3,28.4793,77.07689,hatchback,0,7,4.0,0,149,
U00074,2024-12-09,south,Sohna Road,28.42403,77.0101,sedan,1,31,3.48,2,4,0
U00075,2025-08-05,north,Golf Course Road,28.44757,77.10044,sedan,1,30,3.43,1,17,1
U00076,2024-08-31,north,Udyog Vihar,28.51698,77.08207,suv,0,6,3.83,0,1,
U00077,2024-12-11,south,Sohna Road,28.40651,77.02617,sedan,1,20,4.45,0,50,1
U00078,2025-02-09,north,Golf Course Road,28.43816,77.11621,sedan,0,6,4.17,0,102,
U00079,2024-03-22,west,New Gurgaon,28.40848,76.96544,sedan,0,4,4.5,0,293,
U00080,2025-07-13,north,DLF Phase 3,28.5158,77.09286,hatchback,0,11,3.55,0,24,
U00081,2024-05-12,west,Sector 14,28.47675,77.02525,sedan,0,10,4.5,0,17,
U00082,2025-10-26,west,Sector 14,28.46363,77.03251,sedan,0,10,3.3,0,296,
U00083,2024-01-14,north,DLF Phase 3,28.50338,77.10809,hatchback,0,6,4.17,0,50,
U00084,2025-01-01,north,Cyber Hub,28.49397,77.09162,suv,0,7,4.0,0,13,
U00085,2025-10-24,north,DLF Phase 3,28.50728,77.09507,hatchback,0,10,4.6,0,16,
U00086,2025-01-06,north,Cyber Hub,28.5138,77.07069,hatchback,0,5,3.4,0,60,
U00087,2024-06-14,north,Golf Course Road,28.44466,77.08707,sedan,0,5,4.2,0,79,
U00088,2025-11-06,south,Sohna Road,28.39676,77.0428,suv,1,29,4.0,0,45,0
U00089,2024-09-14,west,Sector 14,28.4906,77.04586,hatchback,1,28,3.61,0,45,0
U00090,2024-09-30,north,Udyog Vihar,28.49729,77.10808,suv,0,8,3.5,0,180,
U00091,2025-03-25,north,DLF Phase 3,28.49052,77.10764,hatchback,1,33,4.58,0,17,1
U00092,2024-04-02,north,DLF Phase 3,28.47726,77.10197,sedan,0,8,4.12,0,43,
U00093,2025-08-11,west,Palam Vihar,28.5152,77.04143,sedan,0,9,3.56,0,11,
U00094,2024-03-20,north,Udyog Vihar,28.50362,77.09553,hatchback,0,10,3.3,1,149,
U00095,2024-01-11,east,Sector 56,28.42837,77.08818,hatchback,0,12,4.58,0,77,
U00096,2024-06-03,north,Golf Course Road,28.45035,77.08931,sedan,0,7,4.29,0,67,
U00097,2024-07-22,north,Golf Course Road,28.44904,77.09355,sedan,1,30,4.03,1,6,0
U00098,2025-04-29,north,Udyog Vihar,28.49551,77.08048,suv,0,11,4.0,0,39,
U00099,2025-09-19,south,Sohna Road,28.39739,77.03497,sedan,0,8,3.88,0,25,
U00100,2025-01-07,east,Sector 56,28.40944,77.10543,sedan,0,7,3.86,0,25,
U00101,2025-01-25,north,DLF Phase 3,28.49298,77.11498,hatchback,1,33,3.7,1,15,1
U00102,2024-10-24,east,Sector 56,28.40619,77.09528,suv,1,32,3.53,1,59,0
U00103,2024-12-14,south,Sohna Road,28.42563,77.02903,suv,0,13,3.62,1,24,
U00104,2025-06-21,west,Sector 14,28.46885,77.02967,sedan,0,10,4.0,0,67,
U00105,2024-09-19,south,Manesar,28.36342,76.93355,hatchback,0,6,2.67,2,18,
U00106,2024-01-27,south,Sohna Road,28.42069,77.02392,hatchback,0,6,3.17,2,56,
U00107,2024-08-25,south,Sohna Road,28.40663,77.05104,suv,1,27,4.19,0,5,1
U00108,2024-03-31,north,Golf Course Road,28.45707,77.12208,suv,1,21,4.33,0,11,0
U00109,2024-11-24,north,Cyber Hub,28.50521,77.08479,hatchback,0,7,4.43,0,133,
U00110,2025-01-24,east,Sector 56,28.42322,77.09759,suv,1,27,3.89,0,45,0
U00111,2025-07-23,south,Sohna Road,28.41077,77.04035,sedan,0,6,3.33,0,128,
U00112,2024-07-27,west,Palam Vihar,28.50339,77.01892,hatchback,1,31,3.97,0,40,1
U00113,2025-11-21,west,Sector 14,28.48078,77.01001,sedan,0,6,4.33,0,85,
U00114,2024-08-17,north,Udyog Vihar,28.49493,77.08857,sedan,1,26,4.31,0,57,0
U00115,2024-06-06,north,Golf Course Road,28.44702,77.09335,hatchback,0,11,3.64,0,61,
U00116,2024-04-05,south,Sohna Road,28.40372,77.04334,hatchback,0,13,3.69,0,68,
U00117,2025-05-16,north,Golf Course Road,28.45027,77.09436,hatchback,1,24,4.17,0,40,1
U00118,2024-08-20,north,Cyber Hub,28.48274,77.08463,sedan,0,8,3.12,0,11,
U00119,2024-11-01,north,Udyog Vihar,28.52815,77.08153,suv,1,42,3.1,5,5,1
U00120,2024-03-19,north,Udyog Vihar,28.51302,77.0829,sedan,0,8,4.25,0,5,
U00121,2024-04-29,north,Udyog Vihar,28.49126,77.09016,hatchback,0,4,2.75,1,105,
U00122,2024-09-02,west,New Gurgaon,28.42429,76.97681,sedan,0,6,3.17,0,10,
U00123,2025-03-10,north,Cyber Hub,28.50984,77.09893,sedan,0,10,4.5,0,48,
U00124,2024-02-12,north,Cyber Hub,28.51516,77.08843,hatchback,0,11,3.91,0,69,
U00125,2024-09-07,south,Sohna Road,28.42512,77.05696,hatchback,1,23,4.57,0,108,1
U00126,2024-02-08,south,Manesar,28.34519,76.93783,sedan,0,10,3.7,0,120,
U00127,2024-06-15,north,DLF Phase 3,28.49337,77.11195,suv,0,10,3.7,0,49,
U00128,2025-01-30,north,Udyog Vihar,28.51346,77.09134,suv,1,27,4.19,0,37,1
U00129,2024-08-25,west,New Gurgaon,28.40241,76.98213,hatchback,0,11,4.0,0,39,
U00130,2025-11-19,south,Sohna Road,28.40001,77.01664,suv,1,31,4.06,0,0,0
U00131,2025-04-13,north,Cyber Hub,28.51501,77.09278,hatchback,0,4,3.25,0,215,
U00132,2024-09-04,north,Golf Course Road,28.43045,77.11194,hatchback,0,13,3.54,0,90,
U00133,2025-06-02,west,Palam Vihar,28.50315,77.04444,suv,0,12,3.58,0,47,
U00134,2025-06-10,west,Palam Vihar,28.50357,77.03348,sedan,0,4,3.25,0,95,
U00135,2025-06-18,north,Golf Course Road,28.42404,77.09607,suv,0,9,4.56,0,24,
U00136,2024-06-04,north,Cyber Hub,28.51263,77.08057,suv,0,9,3.33,0,178,
U00137,2024-10-25,north,DLF Phase 3,28.50023,77.08986,suv,0,13,4.08,0,48,
U00138,2025-08-11,west,New Gurgaon,28.41243,76.96345,sedan,1,25,4.32,0,2,0
U00139,2024-10-05,west,New Gurgaon,28.43994,76.98192,hatchback,0,12,3.83,0,69,
U00140,2025-02-22,north,Golf Course Road,28.43082,77.10999,sedan,0,9,4.11,0,27,
U00141,2025-06-26,north,DLF Phase 3,28.51817,77.09419,suv,0,6,4.0,0,42,
U00142,2025-09-09,west,New Gurgaon,28.43125,76.99847,sedan,1,40,4.53,0,0,0
U00143,2024-12-15,south,Manesar,28.3379,76.93885,sedan,0,7,4.0,0,2,
U00144,2024-01-04,north,Golf Course Road,28.43012,77.09118,suv,1,23,4.43,0,17,1
U00145,2025-05-27,north,DLF Phase 3,28.46818,77.10642,hatchback,0,10,4.4,0,45,
U00146,2025-06-05,west,Sector 14,28.48456,77.02513,hatchback,0,3,4.33,0,244,
U00147,2024-01-04,south,Manesar,28.33396,76.9576,sedan,1,31,3.55,1,11,1
U00148,2024-12-14,east,Sector 56,28.43114,77.08749,suv,1,31,4.65,0,9,0
U00149,2024-10-01,south,Manesar,28.35679,76.93825,sedan,0,8,3.38,0,17,
U00150,2025-06-28,north,Golf Course Road,28.44929,77.12919,hatchback,0,8,3.62,0,30,
U00151,2025-06-12,north,Golf Course Road,28.41273,77.09449,hatchback,1,28,4.32,0,5,1
U00152,2025-09-19,north,Golf Course Road,28.4476,77.10308,sedan,0,5,4.0,0,183,
U00153,2024-11-09,south,Sohna Road,28.40638,77.04656,hatchback,0,12,4.33,0,10,
U00154,2024-03-25,west,Sector 14,28.48454,77.01365,suv,0,10,3.0,2,11,
U00155,2025-06-15,north,Cyber Hub,28.51371,77.10387,sedan,0,11,3.36,2,4,
U00156,2024-03-29,west,Palam Vihar,28.50077,77.03382,sedan,0,8,4.0,0,30,
U00157,2024-12-29,north,Udyog Vihar,28.50412,77.08179,sedan,1,30,4.03,0,15,0
U00158,2024-02-25,south,Manesar,28.34774,76.93283,suv,0,6,3.33,0,165,
U00159,2024-09-01,west,Palam Vihar,28.51266,77.04537,suv,0,4,3.25,0,38,
U00160,2024-08-12,north,Golf Course Road,28.45154,77.11595,suv,0,5,4.0,0,13,
U00161,2024-05-26,west,New Gurgaon,28.42008,76.98148,suv,1,29,4.34,0,0,1
U00162,2025-09-26,north,DLF Phase 3,28.46822,77.07509,sedan,0,10,4.0,0,1,
U00163,2025-04-13,east,Sector 56,28.41344,77.10299,hatchback,0,9,3.0,0,87,
U00164,2024-04-13,south,Manesar,28.36147,76.94455,hatchback,0,8,3.5,0,13,
U00165,2024-08-07,north,Cyber Hub,28.49955,77.10551,sedan,0,19,4.0,0,86,
U00166,2025-11-28,west,Sector 14,28.47491,77.03993,hatchback,1,25,3.76,0,11,1
U00167,2024-06-15,north,DLF Phase 3,28.47673,77.09764,sedan,0,8,3.5,0,11,
U00168,2024-12-02,north,Udyog Vihar,28.50063,77.09562,hatchback,0,11,3.09,0,72,
U00169,2025-04-14,north,Udyog Vihar,28.50414,77.08473,hatchback,1,24,4.46,0,15,0
U00170,2024-01-14,west,New Gurgaon,28.42374,76.98701,sedan,1,26,3.62,1,2,0
U00171,2025-10-18,south,Sohna Road,28.41333,77.0429,hatchback,0,10,3.6,0,191,
U00172,2025-05-20,north,Cyber Hub,28.49361,77.08371,sedan,1,24,4.33,0,17,0
U00173,2025-02-01,west,Sector 14,28.47508,77.01973,suv,1,22,2.95,5,50,1
U00174,2025-11-08,west,Sector 14,28.47259,77.03962,hatchback,0,6,3.33,0,77,
U00175,2025-01-13,west,New Gurgaon,28.43475,76.97078,suv,1,42,4.07,0,4,0
U00176,2024-08-12,south,Sohna Road,28.42073,77.03859,suv,1,32,4.09,0,32,0
U00177,2025-05-11,north,Cyber Hub,28.48639,77.07487,sedan,0,12,3.92,0,31,
U00178,2024-08-09,west,New Gurgaon,28.41524,76.97565,sedan,1,28,3.32,3,83,1
U00179,2024-03-17,north,Golf Course Road,28.44044,77.11435,suv,0,11,4.18,0,37,
U00180,2024-01-26,north,Golf Course Road,28.43588,77.08566,sedan,0,9,3.56,0,13,
U00181,2025-01-11,south,Sohna Road,28.40789,77.04582,sedan,1,35,3.63,0,36,0
U00182,2024-11-17,north,Golf Course Road,28.4351,77.12517,sedan,1,32,4.5,0,45,0
U00183,2024-12-17,north,Golf Course Road,28.43848,77.11276,sedan,0,9,3.44,0,61,
U00184,2024-05-18,north,Golf Course Road,28.43945,77.07973,sedan,0,7,4.43,0,10,
U00185,2025-02-21,west,Sector 14,28.48327,77.03915,hatchback,0,10,3.5,0,238,
U00186,2025-08-20,south,Sohna Road,28.40636,77.0323,hatchback,0,11,4.55,0,41,
U00187,2024-09-18,north,Cyber Hub,28.51173,77.10048,sedan,1,27,3.33,1,7,0
U00188,2024-12-14,north,Golf Course Road,28.43264,77.08978,sedan,0,7,3.86,0,143,
U00189,2024-08-26,west,New Gurgaon,28.44379,76.98327,sedan,0,12,3.83,0,106,
U00190,2025-10-23,north,Cyber Hub,28.50677,77.06311,hatchback,0,5,3.6,0,188,
U00191,2025-01-13,north,Udyog Vihar,28.50145,77.1049,hatchback,1,38,3.97,0,3,0
U00192,2024-03-07,south,Sohna Road,28.41089,77.04803,sedan,1,25,3.96,0,24,0
U00193,2024-09-11,north,Golf Course Road,28.42798,77.10356,hatchback,1,34,3.38,4,1,1
U00194,2024-11-23,west,New Gurgaon,28.4205,76.98645,hatchback,0,9,3.44,0,86,
U00195,2024-12-02,north,Cyber Hub,28.50362,77.09429,hatchback,0,3,3.67,0,76,
U00196,2025-04-08,north,DLF Phase 3,28.49195,77.10923,suv,1,31,3.42,1,19,0
U00197,2024-09-21,east,Sector 56,28.42999,77.11425,sedan,1,30,3.97,0,61,1
U00198,2024-11-14,south,Manesar,28.36467,76.92948,suv,1,28,3.89,1,25,0
U00199,2024-11-19,south,Sohna Road,28.41112,77.02764,hatchback,0,13,3.92,0,12,
U00200,2025-05-02,north,Cyber Hub,28.49343,77.07345,sedan,0,6,3.67,0,106,
U00201,2025-01-15,north,Golf Course Road,28.44138,77.09682,sedan,0,12,3.25,1,123,
U00202,2024-12-14,north,Cyber Hub,28.50732,77.07513,sedan,0,8,3.5,0,77,
U00203,2025-06-28,north,Cyber Hub,28.47527,77.0916,sedan,1,30,3.73,0,25,1
U00204,2025-01-30,north,Udyog Vihar,28.50585,77.08202,sedan,0,11,3.18,0,6,
U00205,2024-09-18,north,Cyber Hub,28.49321,77.09224,sedan,1,27,4.26,0,20,0
U00206,2024-09-17,north,Cyber Hub,28.48484,77.09671,sedan,0,10,3.5,0,18,
U00207,2024-08-20,south,Sohna Road,28.40891,77.03075,hatchback,1,35,4.23,0,14,0
U00208,2024-11-10,north,Cyber Hub,28.50424,77.09366,hatchback,1,31,3.74,0,45,0
U00209,2025-11-24,north,DLF Phase 3,28.48829,77.10075,sedan,0,6,4.0,0,72,
U00210,2024-03-06,north,DLF Phase 3,28.48847,77.10612,hatchback,0,6,4.33,0,1,
U00211,2024-11-15,west,Palam Vihar,28.49445,77.04568,suv,0,8,3.5,0,157,
U00212,2025-07-09,north,Cyber Hub,28.48659,77.09628,hatchback,1,34,4.26,0,3,0
U00213,2024-12-31,north,Cyber Hub,28.49254,77.06601,hatchback,0,5,4.2,0,9,
U00214,2024-12-02,west,Palam Vihar,28.5077,77.04603,sedan,1,34,3.26,3,7,1
U00215,2024-02-24,west,Palam Vihar,28.5168,77.03925,suv,0,7,4.29,0,121,
U00216,2024-02-01,west,New Gurgaon,28.41595,76.97379,sedan,0,10,3.6,0,77,
U00217,2024-08-30,north,Cyber Hub,28.49244,77.07776,sedan,0,5,4.0,0,283,
U00218,2025-03-10,north,Cyber Hub,28.51098,77.07233,suv,1,22,4.32,0,5,0
U00219,2024-12-10,north,Cyber Hub,28.49868,77.07142,sedan,0,7,4.0,0,11,
U00220,2024-05-07,west,Palam Vihar,28.51526,77.02873,sedan,0,10,4.1,0,39,
U00221,2024-03-16,north,Golf Course Road,28.44423,77.09688,hatchback,1,34,4.18,0,0,0
U00222,2024-02-12,west,Palam Vihar,28.50734,77.01277,suv,0,11,3.73,0,193,
U00223,2024-05-28,east,Sector 56,28.42603,77.09081,sedan,0,7,4.29,0,15,
U00224,2024-01-28,east,Sector 56,28.40441,77.09526,sedan,1,28,4.07,0,32,0
U00225,2025-09-16,south,Sohna Road,28.4009,77.04332,sedan,1,27,4.56,0,6,0
U00226,2025-01-21,north,Golf Course Road,28.43973,77.09148,hatchback,1,31,4.52,0,38,0
U00227,2025-03-20,east,Sector 56,28.44046,77.10559,suv,0,6,4.0,0,194,
U00228,2024-02-09,north,Cyber Hub,28.49245,77.08639,hatchback,1,40,4.6,0,1,0
U00229,2024-08-26,west,New Gurgaon,28.42477,76.96905,sedan,1,33,4.0,1,30,1
U00230,2025-03-25,north,DLF Phase 3,28.49778,77.07217,suv,1,35,4.49,0,3,0
U00231,2024-01-05,north,Cyber Hub,28.4876,77.09335,sedan,0,5,4.6,0,100,
U00232,2024-06-14,south,Sohna Road,28.41941,77.02212,hatchback,0,4,4.25,0,163,
U00233,2025-07-13,north,DLF Phase 3,28.49502,77.09473,sedan,1,28,3.39,0,32,0
U00234,2024-01-05,east,Sector 56,28.43754,77.11431,hatchback,0,11,4.09,0,17,
U00235,2025-05-20,north,Golf Course Road,28.43322,77.10036,suv,1,30,4.1,0,25,0
U00236,2024-10-11,east,Sector 56,28.40387,77.10318,sedan,0,5,4.2,0,272,
U00237,2025-10-14,west,New Gurgaon,28.4017,76.96094,suv,1,32,3.25,3,50,0
U00238,2024-03-23,west,Sector 14,28.46499,77.03351,suv,0,8,3.75,0,292,
U00239,2025-04-30,north,Udyog Vihar,28.51888,77.08329,suv,0,13,3.46,0,40,
U00240,2025-10-30,north,Udyog Vihar,28.50915,77.08537,sedan,0,9,3.56,1,79,
U00241,2025-07-21,north,Udyog Vihar,28.50691,77.07753,sedan,0,6,3.5,0,8,
U00242,2024-11-21,south,Sohna Road,28.40931,77.03116,hatchback,0,9,4.22,0,24,
U00243,2025-11-16,west,New Gurgaon,28.41647,76.97,hatchback,0,8,3.75,0,100,
U00244,2024-08-30,north,Golf Course Road,28.43079,77.11553,sedan,0,10,3.6,0,31,
U00245,2024-07-04,north,Cyber Hub,28.50112,77.06565,hatchback,0,9,4.11,0,45,
U00246,2024-10-03,north,DLF Phase 3,28.50608,77.10177,sedan,0,11,3.55,0,26,
U00247,2025-07-10,south,Sohna Road,28.40822,77.0558,hatchback,0,13,4.0,0,60,
U00248,2024-02-29,east,Sector 56,28.44111,77.08818,hatchback,1,23,4.17,0,44,0
U00249,2025-11-17,west,Palam Vihar,28.51884,77.02267,suv,1,31,3.68,0,27,1
U00250,2024-06-07,north,DLF Phase 3,28.49886,77.11463,hatchback,0,8,3.88,0,106,
U00251,2024-02-29,west,New Gurgaon,28.42937,76.97813,hatchback,0,10,3.4,0,100,
U00252,2025-11-08,north,Udyog Vihar,28.48333,77.08783,sedan,0,10,3.5,0,11,
U00253,2024-06-08,north,Golf Course Road,28.45544,77.08762,hatchback,0,10,4.3,0,110,
U00254,2024-03-05,north,Cyber Hub,28.5056,77.10175,suv,0,9,4.44,0,33,
U00255,2024-03-17,east,Sector 56,28.41409,77.10461,hatchback,0,11,4.27,0,36,
U00256,2024-01-04,south,Manesar,28.35346,76.93141,hatchback,0,9,3.22,1,17,
U00257,2024-12-28,north,DLF Phase 3,28.52571,77.1031,hatchback,1,35,4.51,0,47,0
U00258,2024-12-11,north,DLF Phase 3,28.49763,77.08586,hatchback,1,34,3.82,0,18,0
U00259,2025-04-01,north,Cyber Hub,28.49276,77.08638,suv,0,11,3.91,0,12,
U00260,2025-01-01,north,Udyog Vihar,28.50882,77.08602,sedan,0,14,4.5,0,39,
U00261,2025-07-15,south,Manesar,28.34575,76.93658,hatchback,1,28,3.04,3,13,1
U00262,2025-01-13,north,Cyber Hub,28.50636,77.09355,hatchback,0,13,3.38,0,55,
U00263,2025-11-21,west,Palam Vihar,28.49219,77.03241,suv,1,25,3.52,2,39,0
U00264,2024-01-21,north,Udyog Vihar,28.49212,77.07409,sedan,1,32,4.16,0,22,0
U00265,2024-09-03,east,Sector 56,28.43079,77.09318,hatchback,1,30,4.1,0,27,0
U00266,2024-08-21,north,Golf Course Road,28.43816,77.09782,hatchback,0,6,4.17,0,93,
U00267,2024-02-25,north,Golf Course Road,28.45354,77.10474,sedan,0,12,4.25,0,52,
U00268,2024-04-03,west,New Gurgaon,28.40648,77.00006,hatchback,0,6,2.67,2,91,
U00269,2024-06-22,north,Udyog Vihar,28.50033,77.09669,hatchback,0,8,3.5,0,107,
U00270,2025-09-24,west,Palam Vihar,28.5056,77.02606,suv,0,9,3.22,0,59,
U00271,2025-02-15,south,Sohna Road,28.40541,77.01167,hatchback,0,13,3.62,1,42,
U00272,2024-11-24,north,DLF Phase 3,28.50792,77.10689,sedan,0,13,4.08,0,69,
U00273,2024-06-24,north,Golf Course Road,28.44618,77.09851,sedan,0,5,3.6,1,80,
U00274,2025-08-08,south,Sohna Road,28.40378,77.04758,suv,0,6,4.0,0,33,
U00275,2025-10-01,north,Golf Course Road,28.47283,77.12866,hatchback,1,29,4.41,0,19,0
U00276,2024-12-12,east,Sector 56,28.43134,77.10625,sedan,0,3,4.33,0,34,
U00277,2025-07-20,north,Golf Course Road,28.43585,77.11834,suv,0,9,3.89,0,7,
U00278,2024-10-14,north,DLF Phase 3,28.48911,77.08836,hatchback,0,4,3.5,0,155,
U00279,2025-02-14,west,Palam Vihar,28.51317,77.03715,hatchback,0,10,3.6,0,75,
U00280,2024-09-11,north,Udyog Vihar,28.48168,77.06592,hatchback,1,27,3.67,0,24,0
U00281,2025-07-19,north,Cyber Hub,28.494,77.09077,sedan,0,7,3.71,0,124,
U00282,2025-10-21,north,Cyber Hub,28.48614,77.1,suv,1,31,3.97,0,20,1
U00283,2024-07-23,north,Udyog Vihar,28.52559,77.06416,sedan,1,26,4.27,0,25,0
U00284,2024-04-16,west,Palam Vihar,28.51047,77.04185,sedan,0,9,4.33,0,7,
U00285,2024-03-29,north,Cyber Hub,28.49216,77.08805,hatchback,1,26,3.54,1,10,0
U00286,2024-12-25,north,Udyog Vihar,28.50803,77.08441,hatchback,1,32,4.0,0,37,0
U00287,2024-07-01,north,Udyog Vihar,28.50316,77.08964,suv,0,8,4.5,0,1,
U00288,2024-01-10,north,Cyber Hub,28.47243,77.07779,hatchback,0,8,4.62,0,139,
U00289,2025-03-28,west,Palam Vihar,28.48741,77.02528,sedan,1,33,3.24,2,18,0
U00290,2025-01-12,west,Palam Vihar,28.49636,77.04511,sedan,0,8,4.12,0,82,
U00291,2024-07-23,north,Udyog Vihar,28.50272,77.10843,hatchback,0,7,3.43,1,149,
U00292,2025-09-16,north,Udyog Vihar,28.52,77.09268,hatchback,0,6,3.33,0,72,
U00293,2024-11-06,north,Udyog Vihar,28.49725,77.09972,suv,0,9,4.22,0,73,
U00294,2024-01-28,north,DLF Phase 3,28.49575,77.08189,hatchback,1,31,3.42,0,1,0
U00295,2024-02-18,north,Udyog Vihar,28.51919,77.08689,sedan,0,7,4.71,0,9,
U00296,2025-04-12,south,Manesar,28.36291,76.93316,sedan,1,28,3.61,1,18,0
U00297,2025-09-04,south,Sohna Road,28.42411,77.01621,suv,1,21,4.05,0,57,0
U00298,2024-09-22,east,Sector 56,28.43438,77.12201,sedan,1,24,4.04,0,24,0
U00299,2025-12-02,north,Udyog Vihar,28.51447,77.111,sedan,0,10,4.0,0,139,
U00300,2025-07-23,north,Golf Course Road,28.42363,77.132,sedan,0,9,4.33,0,96,
U00301,2025-01-12,north,Golf Course Road,28.4323,77.10568,suv,1,24,3.92,0,9,0
U00302,2024-12-02,east,Sector 56,28.40785,77.11042,suv,0,9,3.44,0,53,
U00303,2024-08-21,north,Udyog Vihar,28.51491,77.0727,sedan,1,37,3.3,3,6,0
U00304,2024-05-07,north,Golf Course Road,28.42651,77.11713,suv,1,36,3.5,0,18,0
U00305,2024-04-02,west,Sector 14,28.47563,77.01925,sedan,1,29,4.38,0,11,0
U00306,2024-12-07,south,Sohna Road,28.41146,77.04819,hatchback,1,28,3.96,0,10,0
U00307,2024-06-28,north,Udyog Vihar,28.49794,77.06236,suv,0,9,4.67,0,34,
U00308,2024-02-29,north,Udyog Vihar,28.49204,77.09154,hatchback,1,32,4.47,0,31,0
U00309,2024-11-08,north,DLF Phase 3,28.47666,77.09896,sedan,1,29,3.62,0,4,0
U00310,2025-05-16,north,Cyber Hub,28.47923,77.10088,sedan,0,7,4.43,0,104,
U00311,2024-04-14,east,Sector 56,28.40143,77.09109,sedan,0,10,4.2,0,55,
U00312,2025-11-15,south,Sohna Road,28.41874,77.02791,suv,0,11,3.64,0,36,
U00313,2025-08-03,west,Palam Vihar,28.50327,77.02762,sedan,0,3,4.0,0,143,
U00314,2024-02-16,north,Cyber Hub,28.50798,77.08695,sedan,0,10,4.3,0,30,
U00315,2025-06-25,north,Golf Course Road,28.43184,77.09619,suv,0,7,3.29,0,68,
U00316,2025-07-25,west,Sector 14,28.47584,77.03661,suv,0,13,3.31,0,0,
U00317,2024-11-30,north,Cyber Hub,28.49283,77.09728,hatchback,0,10,3.6,1,369,
U00318,2024-08-09,east,Sector 56,28.4055,77.11483,suv,0,5,4.6,0,151,
U00319,2024-05-28,north,Cyber Hub,28.51231,77.09544,suv,0,5,4.0,0,153,
U00320,2024-11-09,north,Golf Course Road,28.45924,77.09666,suv,1,29,4.17,0,3,1
U00321,2024-03-16,north,Cyber Hub,28.47793,77.0736,suv,1,25,3.04,5,5,1
U00322,2025-08-24,west,Palam Vihar,28.53108,77.04397,suv,1,27,3.52,0,67,1
U00323,2024-10-16,north,Golf Course Road,28.45008,77.10193,hatchback,1,38,3.47,1,2,1
U00324,2024-08-25,north,Udyog Vihar,28.49469,77.07441,sedan,0,9,3.78,0,123,
U00325,2024-03-27,west,Sector 14,28.47616,77.02561,suv,0,11,4.0,0,29,
U00326,2024-05-22,west,Sector 14,28.47433,77.04224,hatchback,0,6,3.5,0,191,
U00327,2024-01-21,north,Udyog Vihar,28.49689,77.10441,sedan,0,12,4.83,0,65,
U00328,2025-04-10,south,Sohna Road,28.39177,77.02428,sedan,0,7,3.71,0,74,
U00329,2025-10-03,north,Udyog Vihar,28.51103,77.0796,sedan,1,32,3.72,1,30,1
U00330,2024-12-20,east,Sector 56,28.43116,77.10206,hatchback,1,32,3.75,0,9,1
U00331,2024-06-05,south,Manesar,28.35784,76.94081,suv,1,29,3.1,4,9,0
U00332,2024-10-12,north,Udyog Vihar,28.51023,77.10615,sedan,0,9,4.78,0,88,
U00333,2024-11-06,south,Manesar,28.35818,76.9447,suv,1,22,3.14,2,45,0
U00334,2025-01-15,north,Cyber Hub,28.47606,77.06527,hatchback,0,11,4.09,0,61,
U00335,2024-01-11,north,DLF Phase 3,28.50124,77.10766,sedan,0,10,3.8,0,95,
U00336,2025-04-25,west,Palam Vihar,28.50995,77.02829,suv,0,7,4.14,0,145,
U00337,2025-07-01,north,Udyog Vihar,28.49825,77.08507,sedan,1,32,3.59,0,25,0
U00338,2024-04-08,north,Udyog Vihar,28.48526,77.08444,hatchback,0,10,4.2,0,81,
U00339,2024-01-14,west,Sector 14,28.48132,77.02024,hatchback,0,4,3.5,0,42,
U00340,2024-12-16,west,New Gurgaon,28.43463,76.98744,hatchback,0,9,3.56,1,49,
U00341,2025-07-29,south,Manesar,28.36269,76.92212,hatchback,0,10,3.0,1,209,
U00342,2025-11-28,north,Golf Course Road,28.46434,77.10727,suv,1,27,3.81,1,37,0
U00343,2024-04-30,north,Golf Course Road,28.45581,77.10166,sedan,1,31,3.84,0,7,0
U00344,2024-07-31,south,Sohna Road,28.40552,77.04984,suv,0,13,4.46,0,190,
U00345,2024-04-14,north,DLF Phase 3,28.49952,77.09156,hatchback,0,6,4.0,0,18,
U00346,2024-12-16,west,Palam Vihar,28.50774,77.03958,hatchback,1,21,4.0,0,18,0
U00347,2024-02-14,west,New Gurgaon,28.40743,77.00841,sedan,1,31,3.52,1,19,0
U00348,2024-07-31,west,Sector 14,28.46013,77.02955,suv,1,24,4.54,0,60,0
U00349,2025-08-21,north,Udyog Vihar,28.50645,77.12623,suv,1,30,4.3,0,3,0
U00350,2025-04-15,west,Sector 14,28.48469,77.02173,suv,1,30,3.3,1,39,0
U00351,2025-05-04,north,Golf Course Road,28.44655,77.10976,sedan,1,33,4.39,0,29,0
U00352,2024-12-18,east,Sector 56,28.42331,77.08387,sedan,1,29,3.69,0,3,0
U00353,2024-02-18,west,New Gurgaon,28.4083,76.97401,sedan,0,5,3.4,0,6,
U00354,2025-03-13,north,Udyog Vihar,28.49977,77.07645,hatchback,0,11,3.64,0,167,
U00355,2024-02-22,north,Cyber Hub,28.49065,77.10307,suv,1,33,4.42,0,3,1
U00356,2025-01-31,north,Golf Course Road,28.44556,77.09565,hatchback,0,6,4.5,0,73,
U00357,2025-03-31,west,New Gurgaon,28.3997,76.97255,sedan,0,10,3.5,2,154,
U00358,2025-08-09,south,Manesar,28.35782,76.94324,suv,0,7,3.0,0,4,
U00359,2025-05-27,north,Cyber Hub,28.50089,77.08792,hatchback,1,29,4.0,0,10,0
U00360,2024-09-25,west,Palam Vihar,28.53915,77.03164,sedan,1,25,3.96,0,1,0
U00361,2024-06-07,north,DLF Phase 3,28.51368,77.08805,suv,0,11,3.45,0,11,
U00362,2024-07-30,south,Sohna Road,28.43101,77.03357,hatchback,0,6,4.67,0,114,
U00363,2024-10-25,north,Cyber Hub,28.48225,77.08391,suv,0,7,4.14,0,36,
U00364,2025-03-16,east,Sector 56,28.43461,77.10422,hatchback,0,7,3.86,0,36,
U00365,2025-11-29,north,DLF Phase 3,28.48938,77.11841,hatchback,0,7,3.43,0,1,
U00366,2025-10-06,west,Palam Vihar,28.50403,77.02992,suv,0,12,2.83,3,12,
U00367,2025-08-17,east,Sector 56,28.42913,77.12037,sedan,0,8,4.12,0,23,
U00368,2024-04-21,north,Cyber Hub,28.5171,77.08156,sedan,0,6,3.33,0,27,
U00369,2024-11-27,north,Udyog Vihar,28.52552,77.09132,sedan,1,28,4.43,0,3,0
U00370,2024-04-30,north,DLF Phase 3,28.50224,77.07541,sedan,0,7,3.14,1,34,
U00371,2024-02-26,west,New Gurgaon,28.4153,76.95435,hatchback,1,29,4.14,0,50,0
U00372,2024-11-18,north,DLF Phase 3,28.50679,77.09036,suv,0,6,3.67,0,29,
U00373,2024-03-27,north,Golf Course Road,28.45093,77.11867,sedan,1,26,4.58,0,25,1
U00374,2025-11-27,west,Sector 14,28.45574,77.02377,hatchback,1,17,3.29,1,16,0
U00375,2024-06-01,north,Golf Course Road,28.44046,77.10375,hatchback,0,5,4.0,0,102,
U00376,2025-05-13,north,DLF Phase 3,28.48621,77.09167,suv,0,6,4.33,0,102,
U00377,2025-05-16,south,Sohna Road,28.39964,77.02678,sedan,0,6,3.83,0,57,
U00378,2025-02-13,north,Udyog Vihar,28.48761,77.09865,hatchback,1,20,4.05,0,25,0
U00379,2024-08-10,south,Sohna Road,28.40208,77.02895,suv,0,9,4.67,0,219,
U00380,2024-10-07,west,New Gurgaon,28.41334,76.98151,hatchback,1,25,3.88,0,52,0
U00381,2024-04-09,north,Golf Course Road,28.45036,77.0798,sedan,0,9,4.44,0,69,
U00382,2024-04-23,north,Golf Course Road,28.4487,77.0999,hatchback,0,9,4.11,0,55,
U00383,2024-01-24,south,Manesar,28.37346,76.93968,sedan,0,12,3.58,1,93,
U00384,2025-07-28,north,Golf Course Road,28.43592,77.13114,sedan,1,20,4.65,0,26,0
U00385,2024-02-20,south,Sohna Road,28.41354,77.04772,sedan,1,23,3.3,1,1,0
U00386,2025-06-29,north,DLF Phase 3,28.49454,77.07536,suv,0,6,3.67,0,99,
U00387,2025-03-25,east,Sector 56,28.42656,77.10357,hatchback,0,10,4.8,0,4,
U00388,2024-06-27,north,Cyber Hub,28.49167,77.07295,sedan,0,8,3.25,0,36,
U00389,2024-04-11,west,New Gurgaon,28.42565,76.97445,sedan,1,33,3.58,1,12,0
U00390,2025-05-20,north,Golf Course Road,28.43534,77.11604,hatchback,0,10,4.4,0,46,
U00391,2024-07-09,north,Udyog Vihar,28.51304,77.08053,suv,0,7,4.0,0,74,
U00392,2025-02-04,north,DLF Phase 3,28.47787,77.09708,sedan,0,6,3.33,0,42,
U00393,2025-04-24,north,Golf Course Road,28.45499,77.07195,hatchback,0,9,4.33,0,46,
U00394,2024-09-26,west,New Gurgaon,28.42738,76.96954,hatchback,0,11,4.64,0,161,
U00395,2024-01-17,north,DLF Phase 3,28.50601,77.09572,suv,0,11,4.55,0,22,
U00396,2024-03-15,north,Cyber Hub,28.48364,77.08201,suv,1,27,4.37,0,2,0
U00397,2025-06-12,north,Cyber Hub,28.50427,77.10725,suv,0,10,4.0,0,63,
U00398,2025-10-11,west,New Gurgaon,28.43271,76.97343,suv,0,6,3.0,1,130,
U00399,2025-06-16,north,Cyber Hub,28.49191,77.10205,hatchback,0,6,3.5,0,40,
U00400,2025-01-29,south,Sohna Road,28.40867,77.0312,hatchback,0,8,3.75,0,37,
U00401,2025-02-08,north,DLF Phase 3,28.49862,77.08969,hatchback,0,10,3.7,0,179,
U00402,2024-11-04,north,Udyog Vihar,28.49713,77.0922,suv,1,36,3.11,5,18,0
U00403,2025-11-04,north,DLF Phase 3,28.48639,77.10009,sedan,1,30,4.43,0,60,0
U00404,2024-05-30,west,Sector 14,28.47418,77.03621,hatchback,1,28,4.18,0,3,0
U00405,2025-05-28,north,Golf Course Road,28.44903,77.11326,sedan,1,31,3.87,0,0,0
U00406,2024-04-28,north,Golf Course Road,28.41911,77.08177,hatchback,1,19,3.79,0,80,1
U00407,2025-10-17,north,DLF Phase 3,28.48261,77.0986,sedan,1,34,4.53,0,16,0
U00408,2024-11-22,north,Golf Course Road,28.44794,77.09206,sedan,0,6,4.0,0,202,
U00409,2025-08-26,west,Palam Vihar,28.51956,77.05308,sedan,1,32,3.28,0,14,0
U00410,2024-11-02,west,Sector 14,28.47999,77.03863,suv,1,26,3.65,0,56,0
U00411,2025-03-23,north,Udyog Vihar,28.47699,77.07015,suv,0,9,3.56,0,129,
U00412,2025-05-10,north,Udyog Vihar,28.51133,77.07691,hatchback,1,22,3.86,0,86,0
U00413,2024-11-24,north,Cyber Hub,28.49281,77.08342,suv,0,6,3.83,0,36,
U00414,2025-08-31,north,Udyog Vihar,28.50809,77.05955,suv,0,12,3.83,0,31,
U00415,2025-07-14,east,Sector 56,28.40698,77.10251,hatchback,1,29,4.17,0,4,0
U00416,2025-04-27,north,Cyber Hub,28.50863,77.09668,hatchback,0,6,4.17,0,12,
U00417,2024-09-29,north,Golf Course Road,28.4348,77.08621,sedan,1,25,4.72,0,7,0
U00418,2024-05-20,north,Cyber Hub,28.49517,77.09299,sedan,1,30,3.57,0,41,0
U00419,2024-09-17,north,Cyber Hub,28.48971,77.08249,sedan,1,21,3.9,0,18,1
U00420,2024-10-13,north,Udyog Vihar,28.51522,77.06607,suv,1,28,4.61,0,14,1
U00421,2025-10-30,north,DLF Phase 3,28.49068,77.10296,hatchback,1,26,3.88,0,7,0
U00422,2024-12-01,north,Cyber Hub,28.50027,77.07656,sedan,1,25,4.56,0,16,0
U00423,2025-04-29,west,Sector 14,28.46373,77.04509,suv,0,13,3.46,0,29,
U00424,2025-08-10,south,Manesar,28.36898,76.94165,hatchback,1,30,3.43,1,2,0
U00425,2025-10-30,north,DLF Phase 3,28.49175,77.09013,hatchback,1,21,4.0,0,11,0
U00426,2025-11-25,west,Sector 14,28.46936,77.0419,sedan,1,23,3.74,0,14,1
U00427,2025-09-05,south,Manesar,28.35959,76.95117,sedan,1,40,3.75,0,9,0
U00428,2025-11-26,south,Sohna Road,28.41071,77.02347,hatchback,1,31,3.26,2,11,0
U00429,2024-11-05,north,DLF Phase 3,28.48433,77.10672,sedan,0,9,3.78,0,169,
U00430,2024-12-28,north,Udyog Vihar,28.5127,77.0998,suv,1,35,3.57,0,1,0
U00431,2025-06-16,north,Cyber Hub,28.48953,77.0854,suv,0,6,3.5,0,132,
U00432,2024-03-30,west,Sector 14,28.46755,77.04144,hatchback,0,10,4.4,0,124,
U00433,2024-12-01,north,DLF Phase 3,28.48005,77.06946,hatchback,0,9,4.11,0,18,
U00434,2025-01-03,north,DLF Phase 3,28.50342,77.11752,sedan,0,10,4.3,0,25,
U00435,2024-10-09,south,Sohna Road,28.41996,77.02791,suv,0,7,3.57,0,61,
U00436,2024-04-18,north,Udyog Vihar,28.48692,77.10979,hatchback,0,10,4.2,0,103,
U00437,2024-04-27,north,Golf Course Road,28.45092,77.10038,sedan,1,32,3.19,3,21,1
U00438,2024-06-11,north,Cyber Hub,28.48896,77.1142,sedan,0,7,4.14,0,75,
U00439,2025-08-08,north,Cyber Hub,28.4942,77.07759,sedan,0,4,4.0,0,18,
U00440,2024-12-13,north,Golf Course Road,28.45317,77.09724,hatchback,0,9,4.67,0,17,
U00441,2025-09-07,south,Sohna Road,28.39929,77.03325,suv,1,25,4.12,0,12,0
U00442,2025-07-24,west,Sector 14,28.49741,77.03844,sedan,1,20,3.85,0,3,1
U00443,2025-06-14,north,Golf Course Road,28.43547,77.09967,hatchback,0,5,4.0,0,165,
U00444,2024-07-01,north,DLF Phase 3,28.48979,77.10186,suv,0,8,3.62,0,93,
U00445,2024-03-11,east,Sector 56,28.40525,77.11797,sedan,0,6,4.0,0,88,
U00446,2025-03-18,north,Cyber Hub,28.52833,77.09665,hatchback,0,7,3.29,0,6,
U00447,2025-07-15,north,DLF Phase 3,28.50434,77.10935,suv,0,9,4.67,0,80,
U00448,2025-05-18,north,Golf Course Road,28.44741,77.09658,sedan,0,7,4.14,0,82,
U00449,2024-07-06,north,Cyber Hub,28.49352,77.09315,suv,1,19,3.74,0,19,0
U00450,2025-05-20,north,DLF Phase 3,28.49738,77.09618,sedan,1,27,4.56,0,15,0
U00451,2025-01-17,west,Palam Vihar,28.50598,77.05259,hatchback,0,8,3.75,0,53,
U00452,2024-07-15,north,Udyog Vihar,28.51391,77.09342,suv,0,8,3.38,0,186,
U00453,2024-10-28,north,Golf Course Road,28.45306,77.11998,suv,0,5,4.8,0,98,
U00454,2025-01-20,north,Cyber Hub,28.51171,77.10651,hatchback,0,6,3.17,1,24,
U00455,2025-02-04,north,Udyog Vihar,28.49485,77.09732,sedan,0,10,4.3,0,36,
U00456,2025-09-09,west,New Gurgaon,28.42883,76.9825,hatchback,0,9,4.0,0,32,
U00457,2025-07-28,north,DLF Phase 3,28.47561,77.10135,sedan,1,29,4.21,0,22,0
U00458,2025-03-13,south,Manesar,28.38483,76.94547,suv,0,5,3.6,0,13,
U00459,2024-12-12,north,Golf Course Road,28.45829,77.12896,sedan,0,9,3.44,0,52,
U00460,2024-09-03,north,DLF Phase 3,28.47571,77.08993,sedan,0,4,3.75,0,121,
U00461,2025-06-03,south,Manesar,28.34822,76.92333,hatchback,0,10,3.3,1,87,
U00462,2025-06-23,north,Cyber Hub,28.50353,77.07647,sedan,0,8,4.0,0,89,
U00463,2025-04-04,north,Golf Course Road,28.44314,77.09512,sedan,0,10,4.1,0,34,
U00464,2024-12-22,west,Sector 14,28.48239,77.0299,hatchback,1,33,3.94,0,11,0
U00465,2025-03-31,north,Golf Course Road,28.42139,77.09509,sedan,1,29,3.48,1,30,0
U00466,2024-06-03,east,Sector 56,28.42058,77.09669,hatchback,0,8,4.5,0,24,
U00467,2025-06-27,north,Golf Course Road,28.44466,77.09395,sedan,0,8,4.62,0,195,
U00468,2024-02-27,north,DLF Phase 3,28.4851,77.09923,hatchback,0,13,4.0,0,27,
U00469,2024-08-28,west,New Gurgaon,28.4234,76.98408,sedan,0,10,4.0,0,35,
U00470,2024-10-20,north,DLF Phase 3,28.48688,77.07585,sedan,1,34,4.03,0,20,0
U00471,2025-07-12,south,Sohna Road,28.39892,77.03783,hatchback,0,8,4.5,0,4,
U00472,2024-01-04,north,Udyog Vihar,28.50085,77.0941,suv,0,8,3.62,0,123,
U00473,2025-09-29,north,Udyog Vihar,28.51442,77.08226,sedan,0,19,3.95,0,10,
U00474,2024-07-18,north,DLF Phase 3,28.48429,77.09589,sedan,0,10,3.7,0,61,
U00475,2024-12-13,east,Sector 56,28.42412,77.10299,sedan,0,10,4.0,0,66,
U00476,2024-06-02,north,Golf Course Road,28.45112,77.09778,hatchback,1,31,4.16,0,27,0
U00477,2024-09-12,north,Cyber Hub,28.49588,77.08748,sedan,0,7,4.29,0,1,
U00478,2024-08-21,north,Cyber Hub,28.50055,77.09572,hatchback,0,3,3.67,0,10,
U00479,2024-05-11,north,Cyber Hub,28.4995,77.08188,hatchback,0,7,4.0,0,122,
U00480,2024-11-19,west,Palam Vihar,28.51299,77.02295,suv,0,5,3.4,0,41,
U00481,2024-12-30,west,Sector 14,28.51382,77.02725,sedan,0,9,4.11,0,196,
U00482,2024-07-07,west,Palam Vihar,28.52218,77.04254,sedan,1,29,4.17,1,3,0
U00483,2024-08-10,south,Sohna Road,28.40269,77.03447,sedan,0,11,3.27,1,108,
U00484,2025-10-28,west,Sector 14,28.48373,77.0509,sedan,0,2,3.5,0,152,
U00485,2025-11-13,south,Manesar,28.35975,76.92615,hatchback,0,9,3.22,1,32,
U00486,2024-08-06,north,DLF Phase 3,28.48658,77.08708,sedan,1,31,3.42,2,2,0
U00487,2024-02-14,west,New Gurgaon,28.417,76.97863,sedan,1,24,3.42,2,97,0
U00488,2024-06-12,south,Manesar,28.35438,76.92415,suv,0,12,4.0,0,28,
U00489,2025-02-28,west,Palam Vihar,28.52448,77.02446,suv,0,9,3.22,0,167,
U00490,2025-02-24,north,Golf Course Road,28.44628,77.09619,hatchback,0,6,4.5,0,0,
U00491,2025-10-30,west,Sector 14,28.47095,77.03001,hatchback,1,44,4.23,0,52,0
U00492,2024-03-16,north,DLF Phase 3,28.50523,77.103,hatchback,1,31,4.23,0,8,0
U00493,2024-11-05,west,New Gurgaon,28.41936,76.98356,hatchback,0,10,3.3,0,9,
U00494,2024-02-09,north,Golf Course Road,28.44756,77.11357,sedan,1,31,3.42,1,32,0
U00495,2025-08-01,south,Sohna Road,28.39382,77.03093,hatchback,0,2,3.0,0,53,
U00496,2024-11-15,north,Udyog Vihar,28.50509,77.08087,suv,1,41,3.51,1,14,1
U00497,2025-05-24,west,Sector 14,28.48033,77.00441,sedan,0,12,3.92,0,47,
U00498,2025-08-17,east,Sector 56,28.42898,77.10112,sedan,0,6,3.83,0,224,
U00499,2024-11-01,west,New Gurgaon,28.41357,76.97594,suv,0,6,4.0,0,49,
U00500,2025-07-12,north,Cyber Hub,28.50634,77.06667,hatchback,1,30,4.3,0,56,0
U00501,2025-03-04,west,New Gurgaon,28.4187,76.96426,hatchback,1,23,3.3,1,14,0
U00502,2025-08-16,east,Sector 56,28.42889,77.10382,sedan,1,31,4.29,0,33,1
U00503,2025-09-10,east,Sector 56,28.42845,77.08028,sedan,0,11,4.18,0,30,
U00504,2025-02-10,north,Cyber Hub,28.52061,77.09454,suv,1,28,3.36,2,18,1
U00505,2024-04-03,south,Sohna Road,28.39462,77.03762,hatchback,0,7,4.0,0,7,
U00506,2025-02-09,south,Sohna Road,28.40644,77.03708,sedan,1,31,4.29,0,35,0
U00507,2024-05-07,south,Manesar,28.35553,76.92538,hatchback,0,7,3.71,0,163,
U00508,2024-07-29,west,Sector 14,28.47458,77.0288,suv,0,5,4.6,0,178,
U00509,2025-07-31,south,Sohna Road,28.40896,77.0667,hatchback,0,9,3.67,0,222,
U00510,2025-01-24,north,Golf Course Road,28.43407,77.08739,sedan,1,35,4.29,0,6,0
U00511,2024-12-26,north,DLF Phase 3,28.48367,77.112,sedan,1,31,3.65,1,65,1
U00512,2024-04-28,west,Sector 14,28.48239,77.01058,sedan,0,11,4.09,0,53,
U00513,2025-05-03,north,Golf Course Road,28.4529,77.10503,sedan,1,26,3.46,0,25,0
U00514,2024-09-09,south,Sohna Road,28.40643,77.04305,suv,0,14,4.21,0,19,
U00515,2025-04-28,north,Cyber Hub,28.50962,77.08702,hatchback,0,5,4.0,0,33,
U00516,2024-01-05,north,DLF Phase 3,28.49732,77.09724,hatchback,0,8,4.0,0,105,
U00517,2024-12-12,east,Sector 56,28.42476,77.07421,hatchback,0,13,4.38,0,124,
U00518,2025-08-02,north,Golf Course Road,28.42363,77.11299,suv,1,33,4.21,0,10,0
U00519,2025-03-18,north,DLF Phase 3,28.49718,77.10125,hatchback,0,8,3.5,0,53,
U00520,2024-11-24,north,Golf Course Road,28.43026,77.11002,sedan,1,32,4.19,0,62,0
U00521,2025-07-25,north,Cyber Hub,28.50591,77.08249,sedan,0,15,4.07,0,10,
U00522,2025-11-02,north,Cyber Hub,28.4942,77.1123,sedan,1,31,4.19,0,17,0
U00523,2025-02-04,north,Cyber Hub,28.48905,77.09497,hatchback,0,12,4.58,0,3,
U00524,2024-01-16,south,Manesar,28.36042,76.93283,sedan,0,12,3.17,1,36,
U00525,2025-01-29,east,Sector 56,28.43034,77.09949,sedan,1,26,3.19,2,0,1
U00526,2025-08-01,west,New Gurgaon,28.40772,76.98515,hatchback,1,20,4.4,0,4,0
U00527,2025-05-18,south,Sohna Road,28.41582,77.02485,sedan,1,23,3.61,0,37,0
U00528,2025-09-27,south,Manesar,28.36535,76.9342,hatchback,1,30,3.2,2,64,1
U00529,2024-03-14,north,Golf Course Road,28.43912,77.09328,sedan,0,12,3.92,0,95,
U00530,2025-04-28,south,Manesar,28.35734,76.9538,sedan,0,5,3.8,0,35,
U00531,2024-11-25,north,Cyber Hub,28.5029,77.0861,hatchback,0,4,3.5,0,144,
U00532,2025-08-29,south,Sohna Road,28.40715,77.03985,sedan,0,5,4.2,0,45,
U00533,2025-02-01,north,DLF Phase 3,28.48527,77.12196,hatchback,0,7,4.0,0,24,
U00534,2024-06-08,north,Cyber Hub,28.48045,77.09099,suv,0,13,3.85,0,11,
U00535,2025-01-19,north,DLF Phase 3,28.48249,77.09502,sedan,0,8,4.38,0,24,
U00536,2025-08-08,north,DLF Phase 3,28.48221,77.09294,hatchback,0,8,3.75,0,17,
U00537,2025-01-07,north,Cyber Hub,28.50907,77.09887,suv,0,10,4.3,0,64,
U00538,2024-11-30,north,Cyber Hub,28.48261,77.07276,hatchback,0,1,4.0,0,120,
U00539,2025-11-10,north,Cyber Hub,28.48135,77.0996,sedan,0,4,4.0,0,124,
U00540,2025-07-26,north,DLF Phase 3,28.48407,77.12956,sedan,0,17,4.06,0,67,
U00541,2025-11-03,north,Cyber Hub,28.50834,77.07411,hatchback,0,6,4.17,0,115,
U00542,2024-03-19,north,DLF Phase 3,28.49033,77.09596,sedan,1,20,4.55,0,53,0
U00543,2024-01-10,north,Udyog Vihar,28.49135,77.1083,suv,0,10,3.6,0,80,
U00544,2024-06-25,north,Cyber Hub,28.48087,77.09082,sedan,1,24,4.12,0,16,0
U00545,2024-06-08,north,DLF Phase 3,28.4832,77.09137,sedan,1,32,4.12,0,35,0
U00546,2025-02-11,west,Palam Vihar,28.52081,77.01751,suv,0,6,3.33,0,51,
U00547,2025-10-26,west,Sector 14,28.4688,77.05313,sedan,0,9,4.11,0,26,
U00548,2024-10-13,north,Golf Course Road,28.45529,77.09899,sedan,0,6,3.83,0,72,
U00549,2025-10-11,north,DLF Phase 3,28.50312,77.09159,sedan,1,27,4.52,0,18,0
U00550,2024-03-15,north,Udyog Vihar,28.51615,77.0839,hatchback,0,6,4.17,0,45,
U00551,2024-04-14,south,Sohna Road,28.41259,77.02226,suv,0,11,4.27,0,54,
U00552,2024-08-07,north,Cyber Hub,28.49127,77.09737,sedan,0,7,3.29,0,35,
U00553,2025-06-24,east,Sector 56,28.40901,77.08811,suv,1,29,4.45,0,14,0
U00554,2024-03-27,north,Cyber Hub,28.49861,77.05017,hatchback,0,10,3.5,0,25,
U00555,2024-04-11,north,Cyber Hub,28.49141,77.08161,hatchback,1,27,3.78,0,13,0
U00556,2025-05-30,south,Sohna Road,28.40933,77.03037,hatchback,0,10,3.9,0,45,
U00557,2025-01-20,north,Udyog Vihar,28.53127,77.10225,sedan,0,3,3.67,0,60,
U00558,2025-03-14,north,DLF Phase 3,28.49142,77.09135,hatchback,1,29,3.17,3,9,1
U00559,2024-06-07,south,Sohna Road,28.4197,77.0547,sedan,0,2,4.0,0,69,
U00560,2025-05-04,east,Sector 56,28.42532,77.1105,sedan,0,10,3.5,0,38,
U00561,2025-02-12,north,Cyber Hub,28.49114,77.08111,suv,0,7,3.86,0,55,
U00562,2024-07-20,west,Sector 14,28.46132,77.03575,suv,0,9,4.0,0,3,
U00563,2025-10-29,north,Golf Course Road,28.4437,77.09654,hatchback,0,13,3.54,0,69,
U00564,2024-04-19,north,Cyber Hub,28.48128,77.08679,hatchback,0,10,4.3,0,38,
U00565,2025-02-02,south,Sohna Road,28.40068,77.05007,suv,0,8,3.38,0,3,
U00566,2024-03-24,north,Udyog Vihar,28.48967,77.08359,suv,1,24,3.92,0,41,1
U00567,2025-11-19,south,Sohna Road,28.4216,77.03391,sedan,0,9,3.44,0,76,
U00568,2024-12-12,south,Sohna Road,28.38794,77.04246,suv,0,9,3.56,0,28,
U00569,2025-06-25,west,New Gurgaon,28.42039,76.99816,suv,0,7,3.86,0,32,
U00570,2024-06-02,south,Manesar,28.35691,76.94583,suv,1,37,4.35,0,1,0
U00571,2025-03-02,north,DLF Phase 3,28.50672,77.08687,hatchback,0,5,3.8,0,110,
U00572,2025-12-01,north,DLF Phase 3,28.50265,77.07888,sedan,0,8,4.25,0,59,
U00573,2025-01-22,west,New Gurgaon,28.42154,76.99182,hatchback,0,5,4.0,0,256,
U00574,2024-01-20,north,Udyog Vihar,28.50042,77.08146,hatchback,1,27,4.07,0,33,1
U00575,2025-08-26,west,Sector 14,28.4461,77.03201,sedan,1,20,4.25,0,2,1
U00576,2025-01-31,north,Cyber Hub,28.48158,77.07891,sedan,1,33,4.58,0,4,0
U00577,2024-11-18,north,DLF Phase 3,28.50568,77.10193,hatchback,0,14,3.93,0,19,
U00578,2025-11-01,west,Sector 14,28.48896,77.03586,sedan,0,14,3.5,1,29,
U00579,2025-02-27,north,Golf Course Road,28.45132,77.09937,sedan,0,9,4.67,0,47,
U00580,2025-06-30,north,Cyber Hub,28.47622,77.07946,sedan,0,5,3.4,0,25,
U00581,2025-03-26,west,Sector 14,28.47582,77.01025,hatchback,0,6,3.5,0,15,
U00582,2025-08-10,south,Sohna Road,28.40664,77.01192,hatchback,1,34,3.26,3,23,0
U00583,2025-10-16,north,Golf Course Road,28.44358,77.10438,hatchback,0,11,3.64,0,23,
U00584,2025-03-29,north,Udyog Vihar,28.51261,77.08109,hatchback,0,7,3.71,0,85,
U00585,2025-07-18,south,Sohna Road,28.41539,77.05264,hatchback,0,8,3.5,0,15,
U00586,2024-11-24,west,Palam Vihar,28.50646,77.04729,sedan,1,30,3.6,0,11,0
U00587,2025-01-12,north,Udyog Vihar,28.50659,77.07985,suv,1,25,3.72,0,20,0
U00588,2025-02-24,west,Palam Vihar,28.49645,77.02502,hatchback,0,9,4.67,0,115,
U00589,2024-03-01,north,Udyog Vihar,28.51602,77.08767,sedan,0,12,3.92,0,41,
U00590,2024-10-08,north,Golf Course Road,28.42809,77.10318,suv,0,3,4.33,0,556,
U00591,2024-11-30,east,Sector 56,28.424,77.1049,sedan,1,36,3.25,3,4,1
U00592,2025-07-01,north,DLF Phase 3,28.49611,77.10568,sedan,0,12,3.67,0,15,
U00593,2025-07-10,east,Sector 56,28.43155,77.11151,sedan,0,8,4.12,0,79,
U00594,2024-05-28,north,Cyber Hub,28.49729,77.09655,hatchback,0,7,3.14,0,74,
U00595,2025-03-15,north,Cyber Hub,28.48833,77.08352,suv,1,25,4.0,0,46,0
U00596,2024-11-04,west,Sector 14,28.46516,77.0253,suv,0,4,4.25,0,66,
U00597,2024-08-27,west,New Gurgaon,28.42462,76.98231,hatchback,0,10,3.2,1,89,
U00598,2025-06-24,west,Palam Vihar,28.52053,77.00673,suv,0,6,3.83,0,109,
U00599,2024-04-22,north,Golf Course Road,28.43776,77.07772,sedan,0,11,3.45,0,108,
U00600,2024-12-08,west,New Gurgaon,28.41384,76.99141,hatchback,1,36,3.86,0,30,0
U00601,2025-04-14,north,Golf Course Road,28.45107,77.09727,suv,0,8,4.62,0,89,
U00602,2025-03-20,west,New Gurgaon,28.43197,76.98778,sedan,0,8,3.62,0,130,
U00603,2025-08-04,west,New Gurgaon,28.41049,76.98156,sedan,0,6,3.5,0,121,
U00604,2024-01-24,west,Sector 14,28.48314,77.02726,suv,0,7,3.43,0,54,
U00605,2025-01-11,north,Golf Course Road,28.45648,77.09441,sedan,0,6,3.0,0,9,
U00606,2024-08-24,east,Sector 56,28.41199,77.1087,suv,0,6,3.83,0,36,
U00607,2024-12-18,west,Sector 14,28.48189,77.00488,sedan,0,8,4.12,0,188,
U00608,2025-05-09,north,Golf Course Road,28.45304,77.11466,hatchback,0,10,3.7,0,132,
U00609,2025-03-02,north,Cyber Hub,28.49387,77.06718,suv,0,11,3.73,1,110,
U00610,2024-06-23,north,Golf Course Road,28.4549,77.09279,hatchback,1,31,3.35,1,30,0
U00611,2024-06-15,south,Sohna Road,28.40107,77.02719,hatchback,1,26,3.27,1,23,0
U00612,2025-07-15,north,Udyog Vihar,28.49858,77.09242,suv,0,6,3.5,0,263,
U00613,2024-11-14,north,DLF Phase 3,28.49847,77.1018,hatchback,0,12,3.33,1,175,
U00614,2024-04-17,south,Sohna Road,28.40574,77.04105,hatchback,0,6,3.17,0,144,
U00615,2025-11-28,west,Palam Vihar,28.49748,77.06382,sedan,1,34,4.09,0,1,0
U00616,2024-04-28,west,Palam Vihar,28.50332,77.04734,hatchback,0,10,4.1,0,52,
U00617,2024-12-23,north,Cyber Hub,28.48406,77.09922,sedan,0,7,3.57,0,69,
U00618,2025-06-17,north,Golf Course Road,28.43646,77.11175,sedan,1,28,3.68,0,31,0
U00619,2025-08-27,south,Manesar,28.34156,76.92517,sedan,0,6,3.33,0,103,
U00620,2025-09-01,south,Manesar,28.37147,76.933,sedan,1,34,3.91,0,32,0
U00621,2024-01-07,north,Udyog Vihar,28.49228,77.10836,hatchback,0,3,4.67,0,7,
U00622,2025-02-04,north,Golf Course Road,28.45186,77.10613,sedan,1,31,3.61,0,22,0
U00623,2025-07-05,north,DLF Phase 3,28.46643,77.10749,hatchback,1,32,4.19,0,51,0
U00624,2025-08-07,north,Cyber Hub,28.50052,77.09184,sedan,1,27,3.59,0,24,0
U00625,2025-05-18,north,Golf Course Road,28.45056,77.10154,suv,0,10,4.3,0,29,
U00626,2024-12-09,north,Golf Course Road,28.44386,77.08816,hatchback,0,7,3.71,0,14,
U00627,2024-11-22,north,Cyber Hub,28.49945,77.09974,suv,0,9,3.78,0,5,
U00628,2025-01-15,east,Sector 56,28.41699,77.1057,sedan,1,30,4.23,0,54,0
U00629,2024-02-03,north,Cyber Hub,28.50347,77.08586,hatchback,1,30,3.93,0,0,0
U00630,2024-09-28,north,DLF Phase 3,28.48697,77.09339,hatchback,0,8,4.5,0,94,
U00631,2024-09-12,south,Sohna Road,28.40339,77.04382,suv,1,36,3.33,1,1,0
U00632,2024-02-27,west,Sector 14,28.46173,77.01965,sedan,1,30,4.0,0,53,0
U00633,2024-09-14,north,DLF Phase 3,28.48669,77.08761,sedan,1,34,4.12,0,6,0
U00634,2025-07-21,south,Sohna Road,28.40964,77.0053,suv,0,9,3.22,1,134,
U00635,2024-06-23,north,DLF Phase 3,28.49414,77.09814,sedan,1,33,3.18,4,4,1
U00636,2024-05-15,west,Sector 14,28.44969,77.02645,sedan,1,29,3.79,0,20,0
U00637,2025-02-02,north,Golf Course Road,28.42946,77.10193,suv,1,30,3.1,4,12,0
U00638,2025-07-03,east,Sector 56,28.42833,77.10073,suv,0,10,3.4,1,79,
U00639,2024-05-27,west,Sector 14,28.47302,77.02497,hatchback,0,12,3.42,0,130,
U00640,2025-06-02,north,Udyog Vihar,28.49423,77.09833,sedan,0,10,3.6,0,158,
U00641,2024-11-23,north,Golf Course Road,28.43322,77.12305,sedan,0,8,3.12,1,148,
U00642,2025-08-20,south,Sohna Road,28.42521,77.03298,suv,1,30,4.4,0,2,1
U00643,2025-10-07,north,Udyog Vihar,28.49549,77.08548,sedan,1,26,4.27,0,31,0
U00644,2024-08-21,north,Udyog Vihar,28.50205,77.08975,suv,0,4,3.25,0,170,
U00645,2024-10-06,north,Cyber Hub,28.47257,77.08675,suv,0,7,4.43,0,86,
U00646,2025-03-28,south,Sohna Road,28.39806,77.03518,sedan,0,5,4.6,0,40,
U00647,2024-01-02,east,Sector 56,28.43405,77.08618,suv,0,8,3.38,0,10,
U00648,2025-11-07,north,Udyog Vihar,28.5145,77.09476,sedan,0,8,4.5,0,130,
U00649,2025-03-03,west,New Gurgaon,28.41423,76.96371,sedan,0,6,3.67,0,96,
U00650,2025-02-16,south,Sohna Road,28.39069,77.00363,sedan,0,7,3.71,0,28,
U00651,2024-03-30,north,Cyber Hub,28.50533,77.07452,suv,1,26,4.35,0,16,1
U00652,2025-11-19,west,New Gurgaon,28.41553,76.98983,sedan,0,4,3.75,0,62,
U00653,2025-06-10,south,Sohna Road,28.40302,77.03336,sedan,0,8,3.25,0,233,
U00654,2024-09-05,south,Manesar,28.35202,76.92804,hatchback,0,8,3.5,0,59,
U00655,2024-12-18,north,Golf Course Road,28.45015,77.09749,hatchback,0,17,3.76,0,18,
U00656,2025-04-20,north,DLF Phase 3,28.50356,77.09886,sedan,0,8,3.75,0,32,
U00657,2025-06-17,north,Cyber Hub,28.51346,77.10262,suv,0,10,4.0,0,143,
U00658,2025-08-27,north,DLF Phase 3,28.48538,77.11335,hatchback,0,7,3.29,1,23,
U00659,2024-10-09,north,DLF Phase 3,28.4642,77.09372,hatchback,1,30,4.07,0,18,0
U00660,2025-05-27,west,Sector 14,28.46959,77.02831,suv,0,8,3.62,0,202,
U00661,2024-01-01,south,Sohna Road,28.39658,77.03274,suv,0,8,4.5,0,52,
U00662,2025-03-18,north,Cyber Hub,28.49213,77.08247,hatchback,0,12,3.58,0,109,
U00663,2024-03-25,north,Udyog Vihar,28.50035,77.09245,suv,0,6,3.67,0,20,
U00664,2025-08-25,west,Sector 14,28.47016,77.04042,sedan,0,11,3.55,1,36,
U00665,2025-09-13,north,Golf Course Road,28.44084,77.11791,sedan,0,9,3.78,0,65,
U00666,2024-02-23,north,Golf Course Road,28.46731,77.08341,suv,0,11,4.73,0,34,
U00667,2024-10-25,north,Cyber Hub,28.48543,77.10228,hatchback,0,10,4.0,0,48,
U00668,2024-08-07,west,Palam Vihar,28.53345,77.03661,hatchback,0,12,4.5,0,123,
U00669,2024-05-18,north,Cyber Hub,28.50213,77.08389,sedan,1,16,4.12,0,23,0
U00670,2025-06-09,north,Cyber Hub,28.48981,77.09387,sedan,0,10,4.0,0,113,
U00671,2025-01-15,north,Cyber Hub,28.47054,77.0874,sedan,0,8,3.62,0,85,
U00672,2024-01-01,west,New Gurgaon,28.40671,76.99408,suv,1,30,3.63,0,6,0
U00673,2025-04-21,north,Udyog Vihar,28.49078,77.06997,sedan,1,31,4.81,0,58,0
U00674,2024-01-10,north,Cyber Hub,28.49435,77.08462,hatchback,1,30,3.5,2,10,1
U00675,2024-12-21,west,Sector 14,28.46633,77.03013,sedan,1,24,3.96,0,76,0
U00676,2024-10-13,south,Manesar,28.35842,76.93516,sedan,0,5,3.2,1,48,
U00677,2024-12-05,north,Cyber Hub,28.49848,77.08626,suv,0,7,3.43,0,12,
U00678,2025-10-23,west,Palam Vihar,28.52983,77.03728,suv,1,24,3.88,0,30,0
U00679,2024-09-28,north,Cyber Hub,28.49534,77.09647,hatchback,0,6,4.83,0,69,
U00680,2024-10-08,north,Udyog Vihar,28.50095,77.08457,sedan,1,34,3.88,0,17,0
U00681,2024-10-20,north,Golf Course Road,28.44432,77.11867,sedan,0,10,3.7,0,149,
U00682,2025-07-19,south,Sohna Road,28.39691,77.04113,suv,0,5,3.4,0,129,
U00683,2024-12-10,west,Sector 14,28.47257,77.01798,hatchback,0,7,3.86,0,28,
U00684,2025-11-05,north,Cyber Hub,28.49648,77.10379,hatchback,0,7,3.57,0,24,
U00685,2024-06-25,west,Palam Vihar,28.50469,77.04326,hatchback,1,29,3.17,2,19,0
U00686,2025-09-03,south,Sohna Road,28.41214,77.04694,hatchback,0,3,4.0,0,2,
U00687,2025-03-17,south,Sohna Road,28.39726,77.06309,hatchback,0,3,2.67,1,77,
U00688,2025-07-21,east,Sector 56,28.42589,77.11462,suv,0,7,4.0,0,3,
U00689,2024-08-05,south,Manesar,28.37001,76.94011,sedan,1,34,3.53,1,10,0
U00690,2025-08-17,north,Udyog Vihar,28.49719,77.08665,sedan,0,9,4.0,0,9,
U00691,2024-03-28,west,Palam Vihar,28.51203,77.02802,sedan,1,35,3.63,0,19,0
U00692,2025-10-29,north,Cyber Hub,28.4935,77.07855,hatchback,0,7,3.14,1,11,
U00693,2024-12-03,south,Sohna Road,28.4108,77.0273,hatchback,0,5,4.0,0,100,
U00694,2025-03-05,north,Cyber Hub,28.5103,77.08195,hatchback,0,8,4.38,0,50,
U00695,2024-08-17,east,Sector 56,28.43277,77.09448,suv,0,7,4.71,0,131,
U00696,2024-05-06,north,DLF Phase 3,28.50788,77.08203,sedan,1,27,3.89,0,24,0
U00697,2024-09-20,north,Udyog Vihar,28.50713,77.09102,hatchback,1,26,4.38,0,18,0
U00698,2024-06-15,north,Udyog Vihar,28.51608,77.10116,sedan,1,27,3.26,2,3,1
U00699,2025-05-17,south,Sohna Road,28.42909,77.06223,hatchback,0,7,3.43,0,113,
U00700,2025-04-24,north,Golf Course Road,28.4604,77.09518,hatchback,0,6,3.33,0,116,
U00701,2024-07-20,west,Palam Vihar,28.50528,77.02847,hatchback,0,6,4.33,0,131,
U00702,2025-06-27,north,Cyber Hub,28.47907,77.08861,sedan,0,7,4.29,0,27,
U00703,2024-11-26,north,DLF Phase 3,28.49246,77.10692,suv,1,40,3.45,0,23,0
U00704,2024-02-06,south,Sohna Road,28.40674,77.02755,suv,0,4,4.75,0,34,
U00705,2025-01-07,north,Udyog Vihar,28.50883,77.05695,suv,0,8,3.5,0,115,
U00706,2024-11-25,east,Sector 56,28.39985,77.09465,suv,1,30,3.37,3,8,0
U00707,2024-05-20,east,Sector 56,28.39602,77.09608,suv,0,4,3.25,0,3,
U00708,2025-01-04,east,Sector 56,28.41894,77.10325,suv,0,7,4.0,0,11,
U00709,2024-08-18,north,Golf Course Road,28.43421,77.103,suv,1,24,3.5,0,28,0
U00710,2024-11-12,south,Sohna Road,28.41555,77.02961,sedan,1,20,3.65,0,11,1
U00711,2024-04-15,north,Cyber Hub,28.4962,77.0931,suv,1,30,3.83,0,62,1
U00712,2024-10-24,south,Sohna Road,28.41531,77.0369,hatchback,0,10,4.1,0,30,
U00713,2025-04-21,north,Golf Course Road,28.44903,77.10323,hatchback,0,7,3.57,0,72,
U00714,2025-02-19,west,Palam Vihar,28.50793,77.04871,hatchback,0,8,4.5,0,15,
U00715,2025-09-19,south,Sohna Road,28.42532,77.0394,sedan,0,13,3.31,1,73,
U00716,2025-09-29,south,Manesar,28.3683,76.92677,suv,0,12,4.17,0,74,
U00717,2024-01-07,north,Udyog Vihar,28.51238,77.08616,hatchback,0,7,3.71,0,109,
U00718,2025-11-27,north,Cyber Hub,28.51652,77.06437,sedan,1,29,4.14,0,9,0
U00719,2025-01-30,north,Cyber Hub,28.50359,77.08768,suv,1,21,4.24,0,18,0
U00720,2025-01-22,west,Palam Vihar,28.51647,77.02436,hatchback,0,13,3.92,0,9,
U00721,2025-10-29,north,Cyber Hub,28.47429,77.08968,suv,0,8,4.62,0,82,
U00722,2024-09-13,east,Sector 56,28.4136,77.10121,hatchback,0,11,3.18,1,101,
U00723,2024-03-08,north,Golf Course Road,28.43457,77.11584,sedan,1,27,4.41,0,46,0
U00724,2024-02-01,west,Palam Vihar,28.52058,77.03994,suv,1,29,3.34,0,4,0
U00725,2024-02-21,north,Golf Course Road,28.45053,77.11951,hatchback,0,9,4.0,0,24,
U00726,2025-01-25,south,Manesar,28.36394,76.92617,sedan,1,31,4.0,0,23,0
U00727,2024-04-01,west,Palam Vihar,28.50997,77.02866,suv,0,13,3.85,0,22,
U00728,2025-08-13,north,DLF Phase 3,28.48804,77.09515,sedan,0,7,4.0,0,42,
U00729,2025-09-11,west,Sector 14,28.47184,77.04057,suv,1,33,3.7,1,4,0
U00730,2024-09-15,north,Udyog Vihar,28.50076,77.09445,sedan,1,34,4.06,0,4,1
U00731,2025-08-24,north,Udyog Vihar,28.52344,77.08042,sedan,1,22,4.05,0,32,0
U00732,2024-05-19,south,Sohna Road,28.41302,77.04434,sedan,0,10,3.3,0,50,
U00733,2024-04-16,west,Palam Vihar,28.50143,77.05667,hatchback,1,28,4.43,0,19,0
U00734,2025-05-22,north,Golf Course Road,28.44757,77.0919,hatchback,0,9,4.78,0,123,
U00735,2025-08-26,north,DLF Phase 3,28.47131,77.0932,sedan,1,17,4.18,0,31,1
U00736,2025-08-22,north,Udyog Vihar,28.51684,77.12201,sedan,1,35,3.49,2,53,1
U00737,2024-11-03,south,Sohna Road,28.41945,77.03496,suv,0,11,4.55,0,65,
U00738,2025-03-11,south,Sohna Road,28.40246,77.03623,sedan,0,2,3.5,0,375,
U00739,2024-05-25,north,Golf Course Road,28.44392,77.09056,hatchback,0,8,3.75,0,53,
U00740,2025-02-08,west,New Gurgaon,28.4203,76.9752,suv,0,6,4.5,0,45,
U00741,2025-11-15,south,Sohna Road,28.40035,77.05288,suv,1,34,4.44,0,14,1
U00742,2025-06-09,west,New Gurgaon,28.39621,76.99128,sedan,1,22,3.73,0,47,1
U00743,2025-06-23,south,Sohna Road,28.42941,77.0302,hatchback,1,30,3.4,3,3,0
U00744,2024-03-05,west,New Gurgaon,28.4179,76.99544,sedan,0,9,3.67,0,64,
U00745,2024-09-19,south,Sohna Road,28.40644,77.02533,hatchback,0,9,4.0,0,9,
U00746,2025-02-06,south,Sohna Road,28.41647,77.04995,hatchback,0,12,4.08,0,17,
U00747,2025-09-07,east,Sector 56,28.43207,77.10212,hatchback,0,13,4.0,0,26,
U00748,2024-08-14,south,Manesar,28.34302,76.94962,sedan,0,16,2.94,4,39,
U00749,2025-03-31,east,Sector 56,28.42047,77.10769,hatchback,1,26,3.38,0,21,0
U00750,2024-08-26,north,Cyber Hub,28.50207,77.0884,suv,0,8,3.62,0,32,
U00751,2024-11-05,east,Sector 56,28.44555,77.10664,hatchback,1,28,3.5,2,25,0
U00752,2025-10-16,west,Sector 14,28.48364,77.03713,sedan,0,9,3.78,0,11,
U00753,2025-10-17,north,Cyber Hub,28.51779,77.10337,suv,0,10,3.8,0,15,
U00754,2024-03-16,north,Golf Course Road,28.43348,77.08378,sedan,1,37,3.57,0,4,0
U00755,2025-04-25,north,DLF Phase 3,28.48979,77.1134,suv,0,7,3.43,0,3,
U00756,2025-09-03,west,Palam Vihar,28.50914,77.02976,suv,1,28,3.68,0,10,0
U00757,2025-08-03,north,Cyber Hub,28.4868,77.07549,suv,1,36,4.5,0,64,0
U00758,2024-10-13,north,Cyber Hub,28.48414,77.10329,hatchback,0,8,3.75,0,74,
U00759,2025-10-06,south,Sohna Road,28.41398,77.04918,hatchback,0,5,4.4,0,14,
U00760,2025-05-13,north,Udyog Vihar,28.50375,77.08236,sedan,0,8,4.62,0,85,
U00761,2024-04-07,south,Sohna Road,28.41629,77.06314,sedan,0,14,4.43,0,173,
U00762,2024-05-16,east,Sector 56,28.44176,77.10669,suv,0,8,3.62,0,1,
U00763,2025-05-29,south,Sohna Road,28.40212,77.02866,suv,1,24,4.33,0,19,0
U00764,2024-11-17,west,Palam Vihar,28.53137,77.04972,sedan,0,8,3.75,0,52,
U00765,2025-03-09,west,Sector 14,28.49444,77.0139,sedan,0,9,3.33,0,173,
U00766,2025-10-29,south,Manesar,28.35935,76.96721,sedan,0,8,3.0,0,5,
U00767,2024-12-02,north,Golf Course Road,28.44838,77.09282,sedan,0,11,3.91,0,4,
U00768,2025-10-24,west,Sector 14,28.45022,77.0459,suv,0,11,4.45,0,130,
U00769,2024-03-30,north,Udyog Vihar,28.49204,77.0733,suv,0,9,4.56,0,73,
U00770,2025-06-23,north,DLF Phase 3,28.50827,77.09389,suv,0,10,3.9,0,82,
U00771,2024-08-16,east,Sector 56,28.40672,77.10607,hatchback,0,6,4.83,0,136,
U00772,2025-03-13,west,New Gurgaon,28.41453,76.96589,sedan,1,34,3.74,0,23,1
U00773,2025-10-06,south,Manesar,28.35413,76.94208,hatchback,1,24,3.33,1,38,0
U00774,2025-01-21,north,Cyber Hub,28.50234,77.08672,hatchback,1,27,3.93,0,43,0
U00775,2024-02-25,east,Sector 56,28.40275,77.1209,sedan,0,8,3.62,0,26,
U00776,2024-02-25,north,DLF Phase 3,28.48389,77.11025,sedan,1,30,3.73,1,63,0
U00777,2025-05-24,north,DLF Phase 3,28.50454,77.10316,suv,0,7,3.71,1,75,
U00778,2024-04-30,west,Sector 14,28.45167,76.99636,sedan,0,15,4.27,0,91,
U00779,2024-09-23,west,New Gurgaon,28.40663,76.985,sedan,0,9,3.89,0,163,
U00780,2024-04-03,north,Golf Course Road,28.44903,77.11281,suv,0,11,3.36,1,18,
U00781,2025-01-12,north,DLF Phase 3,28.49021,77.0977,hatchback,0,12,4.58,0,34,
U00782,2025-11-11,north,Udyog Vihar,28.50953,77.09352,hatchback,1,25,3.36,1,6,0
U00783,2025-07-19,west,New Gurgaon,28.43909,76.98843,suv,1,25,3.84,0,8,1
U00784,2025-03-09,west,New Gurgaon,28.42696,76.97259,sedan,0,7,4.29,0,22,
U00785,2024-10-01,north,Golf Course Road,28.44516,77.08925,hatchback,0,3,3.67,0,261,
U00786,2024-06-14,east,Sector 56,28.43057,77.08286,suv,0,4,4.5,0,98,
U00787,2024-03-19,east,Sector 56,28.42951,77.10445,suv,0,10,4.1,0,54,
U00788,2024-03-30,north,Cyber Hub,28.50827,77.09413,hatchback,0,15,3.13,1,43,
U00789,2025-09-02,north,DLF Phase 3,28.49816,77.07385,hatchback,0,7,4.29,0,105,
U00790,2025-06-02,north,Cyber Hub,28.49212,77.08023,suv,0,5,3.4,0,106,
U00791,2024-03-11,north,Cyber Hub,28.49477,77.09949,suv,0,7,4.14,0,8,
U00792,2024-07-15,north,Udyog Vihar,28.51695,77.10677,hatchback,1,34,4.35,0,11,0
U00793,2025-07-16,east,Sector 56,28.43177,77.10766,sedan,1,37,4.35,0,16,0
U00794,2024-01-23,north,DLF Phase 3,28.49281,77.08602,sedan,0,6,3.17,1,145,
U00795,2024-10-16,north,Cyber Hub,28.51177,77.09358,suv,0,5,3.8,0,116,
U00796,2024-09-02,west,Palam Vihar,28.5075,77.04735,hatchback,1,27,3.52,2,1,0
U00797,2024-03-03,south,Sohna Road,28.39865,77.01118,hatchback,0,8,4.12,0,64,
U00798,2025-04-27,west,New Gurgaon,28.42013,76.97315,sedan,1,21,3.14,3,45,1
U00799,2025-03-05,west,Palam Vihar,28.50307,77.02946,hatchback,0,8,4.12,0,51,
U00800,2024-06-27,north,Golf Course Road,28.42976,77.0836,hatchback,1,17,4.29,0,50,0
U00801,2025-04-04,west,Sector 14,28.47256,77.03842,sedan,1,20,4.35,0,9,0
U00802,2024-04-20,east,Sector 56,28.42996,77.09807,sedan,0,6,3.83,0,72,
U00803,2025-05-16,north,DLF Phase 3,28.47038,77.09744,hatchback,1,31,4.58,0,17,0
U00804,2025-09-03,north,Golf Course Road,28.4604,77.08724,hatchback,0,9,3.56,0,23,
U00805,2024-07-26,south,Manesar,28.34804,76.94938,suv,0,12,3.17,1,15,
U00806,2024-06-20,north,DLF Phase 3,28.48204,77.09911,suv,0,5,3.2,0,144,
U00807,2024-07-06,north,Golf Course Road,28.44664,77.09889,hatchback,0,5,3.6,0,90,
U00808,2025-02-13,west,Palam Vihar,28.50625,77.03842,suv,1,26,4.42,0,14,0
U00809,2025-07-22,north,DLF Phase 3,28.4945,77.10004,hatchback,0,4,4.0,0,112,
U00810,2025-10-05,north,Golf Course Road,28.4197,77.10162,suv,0,6,3.67,0,60,
U00811,2024-07-18,west,Palam Vihar,28.52969,77.01498,suv,0,5,3.0,2,3,
U00812,2025-11-07,south,Sohna Road,28.42255,77.04518,sedan,0,7,4.29,0,19,
U00813,2024-03-19,south,Manesar,28.33782,76.95341,suv,0,8,4.12,0,89,
U00814,2024-09-17,north,Golf Course Road,28.43216,77.09841,hatchback,1,33,4.15,0,4,0
U00815,2025-03-11,west,Sector 14,28.47776,77.01853,suv,1,20,3.4,1,50,0
U00816,2025-01-26,north,Cyber Hub,28.49667,77.08638,hatchback,1,22,3.18,2,39,0
U00817,2025-10-12,north,DLF Phase 3,28.4965,77.1206,suv,0,5,4.2,0,292,
U00818,2024-06-14,east,Sector 56,28.43931,77.10762,hatchback,0,7,4.43,0,16,
U00819,2025-06-10,north,Golf Course Road,28.44488,77.10022,suv,1,32,4.03,0,21,0
U00820,2025-05-13,south,Manesar,28.35265,76.94353,suv,0,7,3.71,1,92,
U00821,2025-10-30,north,Golf Course Road,28.46333,77.11434,sedan,0,3,4.67,0,277,
U00822,2024-07-21,west,Palam Vihar,28.50268,77.04169,sedan,0,12,4.17,0,24,
U00823,2024-07-15,north,DLF Phase 3,28.47991,77.10709,sedan,1,33,4.12,0,3,0
U00824,2025-06-24,west,Palam Vihar,28.50376,77.03327,hatchback,0,5,4.4,0,11,
U00825,2024-04-17,north,Golf Course Road,28.45233,77.10336,sedan,1,31,3.65,0,0,1
U00826,2024-11-04,north,DLF Phase 3,28.5035,77.10602,hatchback,0,11,3.27,0,3,
U00827,2024-06-05,north,Udyog Vihar,28.49981,77.09309,hatchback,1,32,3.59,1,77,0
U00828,2025-01-16,north,DLF Phase 3,28.49545,77.10794,sedan,1,31,3.45,2,9,0
U00829,2025-03-09,west,Palam Vihar,28.53625,77.0453,suv,0,6,3.33,1,32,
U00830,2024-08-22,north,Cyber Hub,28.49233,77.09137,sedan,0,11,3.73,0,38,
U00831,2024-10-04,west,Sector 14,28.47907,77.03665,hatchback,0,9,3.33,1,39,
U00832,2025-07-23,north,Cyber Hub,28.49605,77.09988,sedan,1,28,3.71,0,9,0
U00833,2025-03-27,north,Udyog Vihar,28.52078,77.10133,sedan,0,7,3.86,0,61,
U00834,2025-01-11,east,Sector 56,28.40933,77.09379,suv,0,6,3.67,0,10,
U00835,2024-05-23,west,Palam Vihar,28.51166,77.04947,hatchback,0,7,4.29,0,62,
U00836,2024-07-05,west,Palam Vihar,28.5122,77.03525,sedan,1,26,3.35,2,8,0
U00837,2025-02-28,south,Sohna Road,28.40715,77.03114,suv,0,7,3.43,0,167,
U00838,2024-03-18,east,Sector 56,28.4355,77.10661,hatchback,1,35,4.43,0,32,0
U00839,2025-09-22,south,Manesar,28.3625,76.96086,hatchback,0,9,4.0,0,4,
U00840,2025-05-17,north,Udyog Vihar,28.49435,77.0784,sedan,0,12,3.33,2,35,
U00841,2025-10-11,east,Sector 56,28.43469,77.09909,hatchback,1,30,4.03,0,10,0
U00842,2025-04-26,south,Sohna Road,28.41537,77.06069,sedan,1,29,4.17,0,18,0
U00843,2024-03-04,south,Manesar,28.32092,76.95568,suv,0,8,3.0,2,289,
U00844,2025-06-11,north,Udyog Vihar,28.51355,77.09008,hatchback,0,12,4.33,0,10,
U00845,2025-11-08,south,Sohna Road,28.38995,77.03965,hatchback,0,12,4.5,0,127,
U00846,2024-08-29,west,Sector 14,28.48179,77.032,suv,0,9,4.0,0,25,
U00847,2025-02-04,north,Golf Course Road,28.46067,77.09873,sedan,0,12,3.67,0,85,
U00848,2024-01-28,south,Sohna Road,28.41093,77.04339,sedan,0,4,3.5,0,111,
U00849,2024-12-04,north,Golf Course Road,28.45597,77.09951,hatchback,1,31,4.29,0,21,0
U00850,2025-03-19,north,Cyber Hub,28.50234,77.10126,sedan,0,7,4.57,0,22,
U00851,2025-04-05,north,DLF Phase 3,28.4957,77.10944,hatchback,0,7,3.86,0,83,
U00852,2024-06-09,north,Cyber Hub,28.49213,77.08314,hatchback,0,3,4.0,0,110,
U00853,2024-07-22,south,Sohna Road,28.4188,77.0359,hatchback,0,7,3.86,0,153,
U00854,2024-08-19,north,Golf Course Road,28.44655,77.10378,suv,1,28,4.25,0,5,0
U00855,2024-10-27,north,Cyber Hub,28.49402,77.09274,sedan,1,37,3.46,0,29,0
U00856,2024-05-22,south,Manesar,28.35017,76.94313,sedan,1,27,3.37,2,39,0
U00857,2024-08-20,north,DLF Phase 3,28.50183,77.07495,hatchback,0,10,3.4,0,19,
U00858,2024-07-31,west,Palam Vihar,28.4757,77.02374,sedan,0,9,3.44,0,81,
U00859,2024-10-03,east,Sector 56,28.42865,77.09918,hatchback,0,12,4.25,0,76,
U00860,2024-03-02,west,Sector 14,28.46567,77.04523,sedan,0,8,3.75,0,39,
U00861,2024-12-29,west,Sector 14,28.46548,77.01649,suv,0,7,4.14,0,17,
U00862,2024-02-20,west,New Gurgaon,28.43171,76.98463,suv,1,34,3.79,0,1,1
U00863,2024-10-17,west,Sector 14,28.50373,77.03005,sedan,1,28,4.32,0,45,0
U00864,2025-07-17,north,Golf Course Road,28.43211,77.08822,sedan,1,25,3.84,0,60,0
U00865,2024-12-24,north,DLF Phase 3,28.50488,77.10416,sedan,1,25,3.36,0,4,0
U00866,2025-12-02,west,New Gurgaon,28.43922,76.97178,hatchback,1,31,3.97,1,0,0
U00867,2024-12-18,north,Golf Course Road,28.44217,77.12506,suv,1,33,3.06,5,33,1
U00868,2024-01-01,north,DLF Phase 3,28.48456,77.13295,hatchback,1,21,4.29,0,61,1
U00869,2025-07-29,west,Sector 14,28.48433,77.03573,hatchback,0,13,4.0,0,4,
U00870,2024-12-26,south,Sohna Road,28.39588,77.0333,sedan,1,32,3.88,0,0,0
U00871,2024-04-03,west,Sector 14,28.47253,77.04703,hatchback,0,7,4.0,0,230,
U00872,2024-07-11,west,New Gurgaon,28.41528,76.97626,hatchback,1,35,3.89,0,3,0
U00873,2025-09-19,north,Golf Course Road,28.44989,77.12115,hatchback,1,27,3.44,1,31,0
U00874,2024-07-30,west,New Gurgaon,28.41485,76.99162,sedan,0,10,4.2,0,24,
U00875,2025-10-17,west,New Gurgaon,28.41839,76.99153,suv,0,6,3.17,0,64,
U00876,2025-06-08,north,Cyber Hub,28.50584,77.06113,hatchback,0,12,3.75,0,7,
U00877,2024-07-24,north,Udyog Vihar,28.51921,77.08205,sedan,1,30,3.2,2,17,1
U00878,2025-05-23,north,Golf Course Road,28.46154,77.10243,sedan,0,10,4.5,0,17,
U00879,2024-11-07,north,DLF Phase 3,28.50207,77.08164,hatchback,1,32,3.59,1,7,1
U00880,2025-09-03,north,Udyog Vihar,28.5066,77.08922,suv,0,5,3.2,0,65,
U00881,2025-05-13,west,New Gurgaon,28.3888,76.99202,sedan,0,9,4.44,0,51,
U00882,2024-11-02,south,Sohna Road,28.3972,77.02888,suv,0,5,3.6,0,62,
U00883,2024-08-31,north,Cyber Hub,28.50471,77.05575,suv,0,10,3.3,0,28,
U00884,2024-01-13,north,DLF Phase 3,28.48857,77.10451,sedan,0,3,3.33,0,4,
U00885,2024-04-03,south,Manesar,28.35047,76.94059,hatchback,0,3,4.33,0,434,
U00886,2024-02-27,south,Sohna Road,28.387,77.05799,suv,0,4,3.25,0,56,
U00887,2025-04-03,south,Sohna Road,28.40096,77.05497,hatchback,0,8,4.38,0,6,
U00888,2024-12-25,north,DLF Phase 3,28.50565,77.09329,suv,1,27,4.37,0,9,0
U00889,2025-06-11,north,Udyog Vihar,28.48276,77.08832,sedan,0,8,3.75,0,3,
U00890,2025-05-16,east,Sector 56,28.39747,77.09368,sedan,0,10,3.3,0,18,
U00891,2024-05-04,east,Sector 56,28.40015,77.11675,hatchback,1,39,3.95,0,4,0
U00892,2024-12-23,south,Sohna Road,28.40506,77.04625,hatchback,0,11,4.18,0,50,
U00893,2025-03-14,north,Golf Course Road,28.45816,77.09791,sedan,1,25,4.0,0,4,0
U00894,2025-07-21,south,Sohna Road,28.42226,77.02921,suv,0,5,4.4,0,89,
U00895,2025-08-24,west,Palam Vihar,28.50657,77.03536,hatchback,0,9,4.0,0,50,
U00896,2025-02-15,north,DLF Phase 3,28.47873,77.07186,hatchback,1,30,3.73,0,43,1
U00897,2025-02-17,north,Golf Course Road,28.40921,77.09869,hatchback,0,16,3.88,0,34,
U00898,2025-05-31,north,Cyber Hub,28.50212,77.07637,sedan,0,7,3.71,0,99,
U00899,2024-05-12,north,Cyber Hub,28.50435,77.08502,sedan,0,8,4.0,0,224,
U00900,2025-03-05,south,Sohna Road,28.40555,77.06113,sedan,0,7,3.29,0,160,
U00901,2024-05-28,north,Cyber Hub,28.49109,77.10949,sedan,0,8,4.62,0,114,
U00902,2024-05-19,west,Palam Vihar,28.5193,77.05309,sedan,0,10,4.1,0,66,
U00903,2024-09-24,east,Sector 56,28.43,77.10456,suv,0,5,3.4,0,129,
U00904,2025-01-15,west,Palam Vihar,28.50071,77.04004,hatchback,1,35,3.14,4,15,1
U00905,2024-10-29,north,Golf Course Road,28.44869,77.10416,hatchback,1,31,4.13,0,30,0
U00906,2025-09-23,south,Sohna Road,28.41934,77.05571,hatchback,0,11,4.18,0,3,
U00907,2025-10-24,west,Sector 14,28.46282,77.04881,sedan,1,27,3.15,3,2,0
U00908,2024-07-09,south,Sohna Road,28.4024,77.04873,sedan,0,5,4.0,0,1,
U00909,2024-02-05,south,Manesar,28.35207,76.93413,hatchback,0,7,3.14,1,15,
U00910,2024-09-14,south,Manesar,28.36059,76.9388,hatchback,0,6,3.0,2,68,
U00911,2024-01-22,north,Golf Course Road,28.44965,77.11611,hatchback,0,13,4.31,0,60,
U00912,2024-10-08,north,DLF Phase 3,28.49293,77.09993,hatchback,0,10,3.7,0,58,
U00913,2024-11-22,west,Palam Vihar,28.51071,77.02822,sedan,1,33,4.09,0,10,1
U00914,2024-07-22,south,Sohna Road,28.41319,77.04079,sedan,0,8,4.0,0,260,
U00915,2024-09-17,north,Cyber Hub,28.48374,77.08573,sedan,0,9,3.89,0,122,
U00916,2025-07-03,west,New Gurgaon,28.40667,76.96646,suv,0,9,3.0,1,39,
U00917,2025-08-24,west,Sector 14,28.48384,77.01558,sedan,0,0,,0,,
U00918,2024-09-24,north,Cyber Hub,28.52146,77.08773,hatchback,0,10,3.9,0,5,
U00919,2024-09-29,north,Cyber Hub,28.49243,77.08262,sedan,0,5,4.8,0,55,
U00920,2024-10-07,north,Cyber Hub,28.50957,77.08839,sedan,1,22,3.73,0,59,0
U00921,2024-03-02,north,DLF Phase 3,28.49033,77.09382,hatchback,1,29,4.03,0,8,0
U00922,2025-03-27,east,Sector 56,28.40883,77.09462,suv,0,4,3.0,0,94,
U00923,2024-03-05,north,Cyber Hub,28.48372,77.08016,sedan,0,4,3.5,0,125,
U00924,2024-01-17,north,Golf Course Road,28.44023,77.12343,hatchback,0,8,4.0,0,132,
U00925,2025-09-06,north,DLF Phase 3,28.49949,77.09531,sedan,0,2,3.5,0,147,
U00926,2024-07-02,south,Sohna Road,28.40827,77.06538,hatchback,0,7,3.14,0,201,
U00927,2025-10-23,north,Cyber Hub,28.49346,77.09328,hatchback,0,5,4.4,0,99,
U00928,2025-08-23,south,Sohna Road,28.40986,77.02702,sedan,0,4,3.25,0,179,
U00929,2025-07-11,north,Golf Course Road,28.44514,77.10976,hatchback,1,24,4.17,0,8,1
U00930,2024-05-11,north,Cyber Hub,28.48482,77.09163,sedan,1,27,4.63,0,19,0
U00931,2024-01-16,south,Sohna Road,28.40277,77.03411,hatchback,1,25,4.12,0,26,0
U00932,2025-01-20,west,Sector 14,28.47918,77.0173,sedan,1,12,4.17,0,0,0
U00933,2024-07-28,north,Cyber Hub,28.48752,77.09711,suv,1,22,3.82,0,93,1
U00934,2025-04-09,west,New Gurgaon,28.40302,76.98206,sedan,0,8,4.38,0,152,
U00935,2024-07-16,north,Udyog Vihar,28.50759,77.10012,sedan,0,13,4.15,0,64,
U00936,2024-12-03,south,Sohna Road,28.39479,77.02466,suv,0,8,3.75,0,3,
U00937,2024-12-05,south,Sohna Road,28.40807,77.05106,sedan,0,7,4.14,0,101,
U00938,2025-12-01,north,DLF Phase 3,28.48338,77.09585,hatchback,0,8,4.5,0,60,
U00939,2024-12-14,north,Golf Course Road,28.46191,77.08886,hatchback,0,7,4.43,0,165,
U00940,2024-06-27,north,Udyog Vihar,28.50416,77.07867,sedan,0,12,4.0,0,115,
U00941,2024-08-27,south,Sohna Road,28.42088,77.04887,sedan,0,9,4.11,0,84,
U00942,2025-11-16,south,Sohna Road,28.39971,77.02481,sedan,0,3,4.33,0,2,
U00943,2025-07-03,west,Sector 14,28.4693,77.01825,hatchback,1,26,3.31,0,13,0
U00944,2024-04-13,west,Palam Vihar,28.51226,77.04951,hatchback,1,26,3.81,0,10,1
U00945,2025-02-10,west,Palam Vihar,28.51119,77.02501,hatchback,1,33,3.85,1,18,0
U00946,2025-06-30,west,Palam Vihar,28.52398,77.01233,suv,0,7,3.0,2,146,
U00947,2024-06-27,north,Golf Course Road,28.44151,77.1059,suv,1,20,3.85,0,42,0
U00948,2024-10-26,north,DLF Phase 3,28.47491,77.09732,hatchback,0,9,4.56,0,170,
U00949,2025-09-13,north,Udyog Vihar,28.48828,77.09145,hatchback,0,10,4.2,0,122,
U00950,2025-01-26,north,Cyber Hub,28.49081,77.09201,sedan,0,5,3.8,0,22,
U00951,2025-07-05,north,Cyber Hub,28.4985,77.07752,sedan,0,7,4.14,0,21,
U00952,2025-03-01,north,DLF Phase 3,28.49141,77.09657,sedan,0,10,3.9,0,46,
U00953,2025-06-14,south,Sohna Road,28.39983,77.0412,suv,0,6,4.5,0,75,
U00954,2024-03-27,north,DLF Phase 3,28.48569,77.09646,hatchback,0,9,4.0,0,79,
U00955,2025-11-29,west,New Gurgaon,28.41989,76.99516,sedan,1,26,3.58,0,44,0
U00956,2025-10-01,north,Golf Course Road,28.43692,77.10431,hatchback,1,28,4.11,1,1,0
U00957,2024-09-03,west,New Gurgaon,28.41889,76.97158,hatchback,1,22,4.41,0,17,0
U00958,2024-05-20,north,Golf Course Road,28.43872,77.09378,hatchback,0,12,4.17,0,122,
U00959,2024-09-20,north,Udyog Vihar,28.52309,77.09615,hatchback,0,3,4.0,0,290,
U00960,2025-10-04,north,DLF Phase 3,28.47975,77.09656,suv,0,4,4.75,0,88,
U00961,2024-07-03,north,Udyog Vihar,28.5231,77.07871,sedan,0,6,4.0,0,80,
U00962,2025-07-17,south,Sohna Road,28.39261,77.03673,suv,0,5,2.8,1,31,
U00963,2025-04-02,west,Sector 14,28.49267,77.0325,sedan,0,7,4.14,0,148,
U00964,2024-11-15,north,Udyog Vihar,28.49636,77.09255,suv,1,31,3.97,0,20,0
U00965,2025-04-26,north,Udyog Vihar,28.48411,77.08927,sedan,0,12,3.58,1,17,
U00966,2024-07-20,west,Sector 14,28.45848,77.03312,suv,0,6,3.33,0,137,
U00967,2025-08-06,south,Manesar,28.33317,76.93375,sedan,0,5,3.4,0,164,
U00968,2025-08-02,west,Palam Vihar,28.50496,77.0195,sedan,0,7,4.0,0,296,
U00969,2024-09-04,north,Udyog Vihar,28.50189,77.08425,suv,0,11,4.0,0,55,
U00970,2025-03-04,south,Manesar,28.35363,76.91819,sedan,1,30,2.97,4,4,1
U00971,2025-02-05,north,Cyber Hub,28.47223,77.07977,sedan,0,11,3.91,0,58,
U00972,2025-01-31,north,Golf Course Road,28.43872,77.11296,suv,0,10,4.4,0,17,
U00973,2024-12-12,south,Sohna Road,28.40518,77.05669,hatchback,0,15,4.33,0,68,
U00974,2024-03-05,north,Cyber Hub,28.485,77.08328,hatchback,1,25,4.48,0,17,0
U00975,2024-05-30,north,Cyber Hub,28.475,77.06865,sedan,0,4,4.0,0,103,
U00976,2024-08-05,north,DLF Phase 3,28.48464,77.09646,suv,1,25,4.2,0,54,0
U00977,2025-03-05,north,Cyber Hub,28.50707,77.08369,suv,0,10,4.8,0,11,
U00978,2024-05-29,north,Golf Course Road,28.43552,77.11653,hatchback,0,7,3.57,1,44,
U00979,2024-11-26,east,Sector 56,28.4362,77.09611,hatchback,0,12,4.42,0,6,
U00980,2024-05-03,south,Sohna Road,28.41172,77.02646,sedan,0,8,3.12,0,206,
U00981,2024-05-10,west,New Gurgaon,28.4012,77.00275,hatchback,0,5,3.8,0,31,
U00982,2024-04-20,north,Golf Course Road,28.43135,77.0869,sedan,0,11,4.45,0,45,
U00983,2025-10-13,west,New Gurgaon,28.43328,76.97425,hatchback,0,9,3.67,0,25,
U00984,2024-01-26,west,Sector 14,28.48741,77.01464,suv,0,6,4.5,0,43,
U00985,2025-07-10,north,Golf Course Road,28.44381,77.09632,suv,0,10,4.5,0,89,
U00986,2025-07-14,north,DLF Phase 3,28.4936,77.10464,sedan,1,40,3.5,0,18,0
U00987,2024-02-28,south,Sohna Road,28.41554,77.02431,hatchback,0,10,3.4,0,60,
U00988,2025-07-25,west,Palam Vihar,28.50983,77.04142,sedan,0,14,4.14,0,52,
U00989,2025-09-21,south,Sohna Road,28.41968,77.04038,sedan,0,10,4.2,0,163,
U00990,2025-06-26,south,Manesar,28.33799,76.93037,hatchback,1,22,3.73,0,74,1
U00991,2025-02-10,south,Sohna Road,28.40484,77.04631,suv,1,25,3.88,0,3,1
U00992,2025-06-04,west,New Gurgaon,28.41714,76.97023,sedan,0,7,4.0,0,136,
U00993,2025-02-23,north,Udyog Vihar,28.50631,77.09975,hatchback,1,22,3.77,0,22,0
U00994,2024-10-27,north,Cyber Hub,28.49584,77.08619,sedan,0,8,4.5,0,87,
U00995,2024-11-23,north,Golf Course Road,28.44613,77.10658,sedan,0,10,4.4,0,42,
U00996,2025-05-14,south,Manesar,28.37101,76.95252,suv,0,9,3.89,0,99,
U00997,2024-04-15,north,Udyog Vihar,28.4862,77.0703,suv,0,7,3.43,0,144,
U00998,2025-08-08,south,Manesar,28.34289,76.92177,hatchback,0,10,4.2,0,7,
U00999,2025-04-05,north,DLF Phase 3,28.48027,77.10491,hatchback,0,7,4.57,0,37,
U01000,2024-03-04,north,Golf Course Road,28.45516,77.08722,sedan,0,11,3.64,0,5,
U01001,2024-02-07,north,Cyber Hub,28.47729,77.09985,sedan,1,29,4.21,0,10,0
U01002,2024-04-16,north,Golf Course Road,28.44113,77.0998,sedan,1,29,4.14,0,8,1
U01003,2025-04-19,east,Sector 56,28.43819,77.10446,suv,0,10,3.6,0,24,
U01004,2025-01-23,west,Palam Vihar,28.50327,77.03154,suv,0,9,3.22,1,85,
U01005,2024-05-22,south,Manesar,28.35373,76.93737,suv,1,40,3.05,6,13,0
U01006,2025-07-17,north,Cyber Hub,28.49365,77.08895,sedan,0,13,3.23,0,9,
U01007,2025-05-28,west,New Gurgaon,28.43385,76.97787,sedan,0,13,4.08,0,53,
U01008,2025-10-26,west,Sector 14,28.46146,77.00262,suv,0,13,4.46,0,124,
U01009,2025-09-30,west,Palam Vihar,28.53057,77.02274,sedan,0,7,4.14,0,74,
U01010,2024-05-04,east,Sector 56,28.41157,77.10302,sedan,0,7,3.14,1,3,
U01011,2025-07-17,north,Cyber Hub,28.49314,77.06593,sedan,0,7,4.14,0,92,
U01012,2024-03-11,south,Manesar,28.38485,76.97691,hatchback,0,13,3.23,3,50,
U01013,2025-10-19,south,Sohna Road,28.38471,77.03248,hatchback,1,23,3.39,1,2,0
U01014,2025-07-26,south,Manesar,28.36319,76.93093,hatchback,0,9,3.11,0,65,
U01015,2024-09-01,north,Cyber Hub,28.47903,77.09603,suv,1,21,4.14,0,18,1
U01016,2024-06-08,west,Sector 14,28.47359,77.02257,sedan,1,20,3.4,0,18,1
U01017,2024-01-12,south,Sohna Road,28.39476,77.04474,suv,0,8,3.38,0,74,
U01018,2024-08-31,north,Udyog Vihar,28.52018,77.08765,hatchback,1,30,3.57,0,3,0
U01019,2025-03-22,north,Cyber Hub,28.50589,77.08206,sedan,1,29,3.83,0,73,1
U01020,2025-04-15,north,Udyog Vihar,28.47343,77.1016,suv,0,6,3.83,0,6,
U01021,2024-11-23,south,Sohna Road,28.41237,77.03445,sedan,1,30,4.43,0,21,0
U01022,2025-04-22,south,Manesar,28.35415,76.91069,suv,0,6,3.5,0,164,
U01023,2024-08-11,north,Udyog Vihar,28.51912,77.08977,hatchback,1,31,3.26,1,2,0
U01024,2025-03-23,west,Sector 14,28.46971,77.02325,sedan,0,10,3.8,0,4,
U01025,2025-03-10,north,Golf Course Road,28.43578,77.07333,hatchback,0,8,3.75,0,142,
U01026,2025-11-26,east,Sector 56,28.4164,77.11119,suv,0,7,3.71,0,27,
U01027,2025-04-29,north,Cyber Hub,28.49547,77.07394,hatchback,1,28,4.14,0,46,0
U01028,2024-04-27,west,Sector 14,28.49092,77.02809,suv,0,5,3.2,0,87,
U01029,2025-09-21,west,Sector 14,28.46516,77.0414,sedan,0,5,3.6,0,187,
U01030,2025-08-23,west,New Gurgaon,28.42681,76.98191,suv,0,8,3.62,0,76,
U01031,2024-09-28,east,Sector 56,28.40252,77.10752,sedan,0,8,3.62,0,11,
U01032,2025-01-30,north,Cyber Hub,28.48722,77.09638,sedan,1,23,3.65,1,10,0
U01033,2024-07-18,east,Sector 56,28.40894,77.10713,suv,0,5,4.4,0,179,
U01034,2025-10-17,north,DLF Phase 3,28.49999,77.09481,sedan,0,5,3.4,0,46,
U01035,2024-09-01,north,Udyog Vihar,28.50527,77.08185,hatchback,1,24,4.12,0,46,0
U01036,2024-01-28,north,Golf Course Road,28.44971,77.11223,hatchback,0,11,3.64,0,98,
U01037,2025-01-11,north,Golf Course Road,28.42715,77.11946,suv,0,6,3.5,0,111,
U01038,2025-08-19,north,DLF Phase 3,28.50291,77.07773,hatchback,0,10,3.7,0,68,
U01039,2025-01-19,west,Palam Vihar,28.51188,77.02636,hatchback,1,26,4.35,0,39,0
U01040,2025-10-30,west,Palam Vihar,28.50954,77.04308,hatchback,0,7,4.0,0,87,
U01041,2024-03-08,north,Cyber Hub,28.50143,77.11938,suv,0,7,3.29,0,33,
U01042,2025-11-08,north,DLF Phase 3,28.48014,77.08471,hatchback,1,23,3.39,0,19,0
U01043,2024-08-10,south,Sohna Road,28.43909,77.01964,hatchback,0,9,4.22,0,187,
U01044,2025-09-03,north,DLF Phase 3,28.48131,77.0992,hatchback,0,9,3.33,2,207,
U01045,2025-11-27,west,Sector 14,28.45831,77.02952,hatchback,1,25,4.04,0,32,0
U01046,2025-05-29,north,Golf Course Road,28.43604,77.10847,sedan,0,9,4.0,0,12,
U01047,2024-02-28,north,Udyog Vihar,28.49567,77.08404,sedan,0,8,4.25,0,47,
U01048,2025-01-07,north,Cyber Hub,28.47924,77.08534,sedan,1,21,3.43,1,47,0
U01049,2024-09-05,north,Cyber Hub,28.48913,77.09971,sedan,0,14,3.71,0,15,
U01050,2024-12-17,east,Sector 56,28.41017,77.0925,suv,1,20,3.35,0,16,0
U01051,2025-04-15,north,Cyber Hub,28.51953,77.09856,sedan,0,11,3.82,0,80,
U01052,2025-07-13,north,Cyber Hub,28.51753,77.0984,suv,0,10,3.4,0,2,
U01053,2025-05-12,west,New Gurgaon,28.39759,76.98605,suv,1,32,3.47,1,39,0
U01054,2024-04-07,north,Udyog Vihar,28.49726,77.09476,sedan,0,7,4.43,0,74,
U01055,2024-09-23,north,Golf Course Road,28.4549,77.12681,hatchback,0,11,3.82,0,55,
U01056,2025-01-22,north,Cyber Hub,28.48288,77.1004,sedan,0,2,4.5,0,181,
U01057,2025-01-20,south,Manesar,28.36061,76.92607,hatchback,0,7,3.14,0,45,
U01058,2025-02-01,west,New Gurgaon,28.40668,76.9692,suv,0,6,3.0,1,26,
U01059,2025-09-25,north,Cyber Hub,28.51131,77.10811,hatchback,0,9,4.11,0,96,
U01060,2025-04-20,west,Palam Vihar,28.51252,77.03624,sedan,0,8,4.12,0,26,
U01061,2024-04-10,east,Sector 56,28.44463,77.10734,sedan,1,18,3.5,0,14,0
U01062,2025-11-28,north,Cyber Hub,28.49912,77.07086,sedan,0,15,4.33,0,1,
U01063,2025-04-11,north,Golf Course Road,28.45252,77.10538,hatchback,0,9,4.0,0,26,
U01064,2024-04-12,north,Golf Course Road,28.44243,77.08314,hatchback,1,28,4.21,0,14,0
U01065,2024-07-15,north,Golf Course Road,28.42316,77.08789,sedan,0,10,3.5,0,29,
U01066,2024-07-06,north,Cyber Hub,28.50823,77.09048,hatchback,0,10,4.4,0,21,
U01067,2025-04-15,north,Golf Course Road,28.42801,77.09545,sedan,0,8,3.88,0,137,
U01068,2024-12-29,south,Sohna Road,28.40406,77.04775,sedan,1,32,3.91,0,81,0
U01069,2025-10-27,north,Golf Course Road,28.45147,77.09652,hatchback,1,20,4.4,0,13,0
U01070,2025-03-04,north,Udyog Vihar,28.51712,77.11627,sedan,1,26,4.04,0,29,0
U01071,2024-05-20,west,New Gurgaon,28.43509,76.9773,suv,0,10,4.2,0,3,
U01072,2024-02-19,south,Sohna Road,28.40181,77.05831,hatchback,0,9,3.89,0,82,
U01073,2025-11-24,north,DLF Phase 3,28.45516,77.0972,hatchback,0,4,4.0,0,317,
U01074,2025-06-25,west,Palam Vihar,28.53173,77.04751,suv,0,9,3.89,0,22,
U01075,2025-01-29,west,New Gurgaon,28.40651,76.99027,sedan,1,16,3.38,3,95,1
U01076,2025-11-04,west,New Gurgaon,28.43005,76.96648,hatchback,0,12,3.42,1,63,
U01077,2024-06-15,north,Udyog Vihar,28.50947,77.07434,sedan,0,12,4.08,0,27,
U01078,2024-09-29,north,DLF Phase 3,28.47616,77.08837,sedan,0,11,4.55,0,77,
U01079,2025-08-27,north,Udyog Vihar,28.5048,77.08257,hatchback,1,35,3.86,0,1,0
U01080,2025-03-24,north,DLF Phase 3,28.51174,77.08703,hatchback,0,7,3.57,0,164,
U01081,2025-07-12,east,Sector 56,28.42142,77.09385,suv,0,6,3.33,1,126,
U01082,2025-07-12,south,Sohna Road,28.38957,77.03334,suv,1,17,3.94,0,102,1
U01083,2024-03-21,north,DLF Phase 3,28.50631,77.08574,sedan,0,9,4.11,0,203,
U01084,2025-03-21,north,Udyog Vihar,28.49887,77.07839,suv,1,21,4.24,0,22,0
U01085,2024-04-06,north,Cyber Hub,28.47021,77.07843,hatchback,0,10,4.6,0,131,
U01086,2024-08-08,north,DLF Phase 3,28.50313,77.10162,hatchback,0,7,3.57,0,136,
U01087,2025-01-20,west,Palam Vihar,28.5024,77.03164,suv,0,7,3.14,0,62,
U01088,2024-02-15,south,Sohna Road,28.41811,77.05072,hatchback,0,9,4.33,0,157,
U01089,2024-12-01,north,Golf Course Road,28.44339,77.11156,sedan,0,9,4.0,0,77,
U01090,2024-09-16,south,Manesar,28.34259,76.93891,hatchback,0,12,3.17,1,11,
U01091,2025-07-15,north,Cyber Hub,28.48662,77.09259,hatchback,1,21,3.38,3,103,1
U01092,2024-05-02,north,Cyber Hub,28.50101,77.10792,hatchback,0,9,3.89,0,0,
U01093,2025-05-08,north,Golf Course Road,28.43116,77.11322,hatchback,0,12,4.25,0,158,
U01094,2024-11-08,south,Sohna Road,28.39702,77.01198,sedan,0,10,4.0,0,133,
U01095,2025-01-20,west,Sector 14,28.47785,77.03525,hatchback,1,26,3.58,1,1,0
U01096,2024-12-22,north,Golf Course Road,28.45471,77.09482,hatchback,0,10,4.0,0,7,
U01097,2025-05-13,north,Cyber Hub,28.484,77.08177,hatchback,0,7,4.43,0,81,
U01098,2025-02-06,south,Manesar,28.35904,76.93065,sedan,1,34,3.15,4,18,1
U01099,2024-08-12,south,Sohna Road,28.42461,77.03178,hatchback,1,25,3.52,0,24,0
U01100,2025-10-19,east,Sector 56,28.41299,77.09809,suv,0,9,3.22,1,332,
U01101,2025-01-04,south,Manesar,28.36823,76.94544,hatchback,0,9,3.89,1,7,
U01102,2025-09-03,north,DLF Phase 3,28.47599,77.0965,sedan,1,38,4.05,0,4,0
U01103,2024-12-28,west,Palam Vihar,28.52476,77.043,hatchback,1,27,3.52,0,1,0
U01104,2025-10-03,north,Cyber Hub,28.45975,77.09813,suv,0,11,3.27,0,49,
U01105,2024-08-04,north,Cyber Hub,28.4903,77.09308,suv,1,28,4.32,0,25,0
U01106,2024-08-27,north,DLF Phase 3,28.51304,77.09176,sedan,0,11,3.91,0,150,
U01107,2025-07-04,north,Golf Course Road,28.44737,77.09456,hatchback,1,32,3.47,1,68,1
U01108,2025-10-12,west,Palam Vihar,28.48549,77.03626,sedan,1,21,4.38,0,20,0
U01109,2024-01-10,west,New Gurgaon,28.4331,76.97863,hatchback,0,11,3.45,1,49,
U01110,2025-02-25,west,New Gurgaon,28.42866,76.96109,sedan,0,6,3.33,0,341,
U01111,2024-02-26,south,Manesar,28.34116,76.91395,hatchback,0,8,3.25,1,70,
U01112,2024-12-23,north,Golf Course Road,28.44198,77.10159,suv,0,3,3.67,0,63,
U01113,2025-08-19,north,Golf Course Road,28.43827,77.09188,suv,0,10,3.7,0,51,
U01114,2025-08-31,west,Palam Vihar,28.5094,77.01102,hatchback,0,8,4.38,0,46,
U01115,2024-04-16,west,Sector 14,28.4777,77.02499,hatchback,0,9,3.22,0,47,
U01116,2025-01-25,south,Manesar,28.35947,76.9261,hatchback,0,14,3.64,0,22,
U01117,2025-07-05,west,Palam Vihar,28.491,77.04558,sedan,1,38,4.37,0,5,1
U01118,2024-02-12,west,Sector 14,28.46519,77.0267,suv,1,24,3.62,0,31,0
U01119,2025-07-16,east,Sector 56,28.40481,77.11286,suv,0,10,3.2,1,130,
U01120,2024-05-04,west,New Gurgaon,28.41384,76.9934,sedan,0,7,3.43,1,153,
U01121,2025-10-25,west,New Gurgaon,28.40888,76.96882,sedan,1,21,4.14,0,143,1
U01122,2024-03-19,west,Sector 14,28.45437,77.02167,sedan,1,25,4.28,0,34,0
U01123,2025-10-17,north,Golf Course Road,28.43346,77.07277,hatchback,0,12,3.58,0,37,
U01124,2025-06-12,south,Manesar,28.35696,76.9369,sedan,0,7,3.86,0,27,
U01125,2025-06-02,west,Palam Vihar,28.51463,77.03774,sedan,0,6,3.33,0,96,
U01126,2025-03-26,north,Udyog Vihar,28.49754,77.08072,suv,0,4,3.5,0,28,
U01127,2025-01-03,north,DLF Phase 3,28.4908,77.10479,sedan,1,18,4.11,0,28,0
U01128,2024-12-16,north,Cyber Hub,28.50222,77.06607,hatchback,0,8,3.75,0,126,
U01129,2024-04-04,south,Manesar,28.36614,76.92756,suv,0,8,3.38,0,50,
U01130,2025-01-05,south,Sohna Road,28.41498,77.01511,hatchback,1,33,4.0,0,26,0
U01131,2025-02-02,north,Cyber Hub,28.49309,77.08745,suv,0,6,4.33,0,4,
U01132,2025-10-05,north,Cyber Hub,28.49436,77.09538,hatchback,1,24,3.58,0,12,0
U01133,2024-07-21,east,Sector 56,28.43103,77.09821,sedan,0,13,4.23,0,41,
U01134,2025-05-20,north,Udyog Vihar,28.49289,77.09358,sedan,0,3,2.33,2,133,
U01135,2025-04-01,north,Udyog Vihar,28.50022,77.08408,hatchback,0,7,4.14,0,16,
U01136,2024-12-18,west,Palam Vihar,28.51609,77.03876,sedan,0,10,3.2,0,41,
U01137,2025-03-12,north,DLF Phase 3,28.48246,77.1042,hatchback,1,30,4.57,0,10,0
U01138,2024-01-26,south,Manesar,28.36639,76.93972,hatchback,0,5,4.2,0,21,
U01139,2024-11-11,west,Palam Vihar,28.52172,77.03937,hatchback,1,24,3.83,0,45,0
U01140,2025-10-12,north,Golf Course Road,28.43089,77.0921,suv,1,35,4.57,0,24,0
U01141,2024-01-02,north,Udyog Vihar,28.48941,77.09298,sedan,0,8,3.5,0,48,
U01142,2025-04-27,south,Manesar,28.35723,76.93831,sedan,0,9,3.78,0,45,
U01143,2025-07-24,north,Cyber Hub,28.48853,77.10088,hatchback,0,5,4.0,0,3,
U01144,2024-11-13,west,New Gurgaon,28.4259,76.99205,hatchback,0,15,4.13,0,156,
U01145,2025-08-29,north,Cyber Hub,28.5063,77.10108,hatchback,0,8,3.88,0,31,
U01146,2025-01-03,south,Sohna Road,28.3887,77.06206,sedan,0,7,4.29,0,129,
U01147,2025-07-30,north,DLF Phase 3,28.4853,77.11768,suv,0,7,3.29,0,75,
U01148,2024-10-02,south,Manesar,28.33915,76.97187,hatchback,0,7,3.86,0,4,
U01149,2025-02-09,north,Udyog Vihar,28.47243,77.09026,suv,0,6,4.17,0,85,
U01150,2025-04-20,west,New Gurgaon,28.41026,76.99144,suv,0,7,4.29,0,26,
U01151,2025-03-05,east,Sector 56,28.40972,77.10533,sedan,0,8,4.0,0,53,
U01152,2025-04-22,south,Manesar,28.36334,76.9302,sedan,0,4,3.5,0,173,
U01153,2025-07-16,west,New Gurgaon,28.42212,76.9886,hatchback,1,38,4.26,0,12,0
U01154,2024-09-11,north,Cyber Hub,28.49134,77.09483,sedan,1,19,3.26,0,70,0
U01155,2025-01-09,south,Manesar,28.35371,76.93168,suv,1,37,3.16,5,22,1
U01156,2025-05-10,north,Cyber Hub,28.4669,77.09039,hatchback,0,9,3.89,0,53,
U01157,2025-09-26,south,Sohna Road,28.40435,77.02734,hatchback,1,37,4.05,0,16,0
U01158,2024-01-12,north,DLF Phase 3,28.4712,77.07236,hatchback,1,30,3.73,0,0,0
U01159,2024-03-05,west,New Gurgaon,28.42789,76.99062,sedan,1,31,3.65,0,24,0
U01160,2025-04-23,south,Sohna Road,28.4059,77.00726,hatchback,0,12,4.42,0,2,
U01161,2025-04-15,north,Golf Course Road,28.45579,77.11012,suv,1,30,3.47,0,1,0
U01162,2024-05-15,north,Cyber Hub,28.49332,77.10686,hatchback,0,13,3.92,0,31,
U01163,2025-01-19,north,Cyber Hub,28.48093,77.08029,hatchback,1,36,3.89,0,9,0
U01164,2024-11-05,north,Cyber Hub,28.48861,77.06877,sedan,0,7,3.43,0,81,
U01165,2025-08-17,north,DLF Phase 3,28.50637,77.08676,suv,0,10,3.7,0,58,
U01166,2025-07-10,north,Golf Course Road,28.45863,77.10581,hatchback,0,3,4.0,0,374,
U01167,2024-12-11,west,New Gurgaon,28.4009,76.98983,hatchback,0,14,3.86,0,24,
U01168,2025-07-15,south,Sohna Road,28.42057,77.01695,hatchback,0,10,3.1,1,73,
U01169,2025-02-02,north,Golf Course Road,28.47012,77.07557,suv,1,30,3.5,0,34,0
U01170,2025-10-01,north,Cyber Hub,28.52012,77.08096,sedan,1,33,3.21,2,14,0
U01171,2024-08-05,west,Palam Vihar,28.5119,77.05367,hatchback,0,6,4.17,0,144,
U01172,2025-05-13,west,New Gurgaon,28.40521,76.98081,sedan,0,6,3.83,0,206,
U01173,2025-05-16,north,Cyber Hub,28.49054,77.09622,sedan,0,7,4.29,0,168,
U01174,2025-09-22,north,DLF Phase 3,28.50781,77.11354,hatchback,1,32,4.12,0,16,0
U01175,2024-12-10,south,Sohna Road,28.4069,77.05607,sedan,0,9,4.33,0,165,
U01176,2024-11-14,north,DLF Phase 3,28.49311,77.09534,sedan,0,11,3.27,0,67,
U01177,2025-03-07,north,Golf Course Road,28.4562,77.1047,sedan,0,7,3.71,0,11,
U01178,2025-11-24,north,DLF Phase 3,28.51053,77.09343,suv,0,9,4.22,0,89,
U01179,2024-01-03,north,Cyber Hub,28.49017,77.07569,sedan,0,8,4.12,0,164,
U01180,2025-09-20,north,DLF Phase 3,28.47687,77.085,suv,1,29,3.9,1,5,1
U01181,2024-01-30,north,DLF Phase 3,28.48125,77.05063,sedan,1,31,4.1,0,32,0
U01182,2025-11-29,west,Sector 14,28.46462,77.02771,hatchback,0,5,4.2,0,80,
U01183,2024-05-01,north,Golf Course Road,28.43896,77.1077,suv,0,9,4.33,0,3,
U01184,2025-10-16,north,Cyber Hub,28.49995,77.09761,sedan,0,11,4.09,0,256,
U01185,2025-02-08,east,Sector 56,28.42669,77.08659,sedan,0,6,3.0,0,80,
U01186,2024-05-23,south,Sohna Road,28.41612,77.03221,hatchback,0,11,3.45,0,31,
U01187,2024-06-02,south,Manesar,28.36033,76.94077,sedan,0,6,3.67,0,157,
U01188,2024-03-31,west,New Gurgaon,28.41002,76.99596,suv,0,5,2.6,2,270,
U01189,2025-11-30,south,Manesar,28.35164,76.92847,hatchback,1,28,3.71,0,102,1
U01190,2024-05-06,west,Palam Vihar,28.50069,77.02422,sedan,0,8,3.62,0,95,
U01191,2024-07-29,north,DLF Phase 3,28.48333,77.08889,suv,0,10,3.5,0,4,
U01192,2024-02-06,north,Golf Course Road,28.43643,77.12411,hatchback,0,6,4.0,0,27,
U01193,2024-10-29,north,Cyber Hub,28.47779,77.09338,hatchback,0,8,3.38,1,67,
U01194,2025-12-02,west,Palam Vihar,28.5332,77.01679,hatchback,0,9,4.22,0,117,
U01195,2024-03-13,north,Cyber Hub,28.49569,77.10259,sedan,0,9,3.11,0,33,
U01196,2025-08-10,west,Palam Vihar,28.51775,77.04255,suv,0,10,4.2,0,39,
U01197,2025-08-05,west,Sector 14,28.46221,77.02662,hatchback,0,10,3.5,1,3,
U01198,2024-08-19,west,New Gurgaon,28.42007,76.99069,sedan,0,9,3.56,0,23,
U01199,2024-07-14,north,Udyog Vihar,28.51058,77.07643,hatchback,1,31,3.48,0,40,0
U01200,2025-07-03,north,Cyber Hub,28.47637,77.09511,suv,1,30,3.37,0,24,0
U01201,2024-11-24,north,Cyber Hub,28.48033,77.11097,sedan,1,25,3.68,0,1,0
U01202,2025-09-10,east,Sector 56,28.41981,77.08717,hatchback,1,18,3.33,2,43,0
U01203,2024-12-17,north,Golf Course Road,28.42783,77.07708,hatchback,0,12,3.83,0,28,
U01204,2024-04-05,west,Sector 14,28.45694,76.99513,sedan,1,24,3.33,1,13,0
U01205,2024-08-28,west,Sector 14,28.48387,77.03377,sedan,0,11,3.73,0,84,
U01206,2024-05-11,north,DLF Phase 3,28.49054,77.09427,hatchback,0,10,3.5,0,25,
U01207,2025-10-06,north,DLF Phase 3,28.47364,77.08679,suv,0,15,4.33,0,107,
U01208,2024-04-11,north,Golf Course Road,28.44808,77.1056,suv,0,8,3.5,0,6,
U01209,2025-11-14,south,Sohna Road,28.38839,77.04016,hatchback,0,8,3.25,1,45,
U01210,2025-04-14,north,Golf Course Road,28.41827,77.09454,hatchback,0,5,3.4,0,61,
U01211,2024-04-06,north,Cyber Hub,28.50513,77.08027,hatchback,1,22,3.45,1,23,0
U01212,2025-09-08,north,Udyog Vihar,28.51185,77.09063,hatchback,0,9,4.22,0,379,
U01213,2024-03-16,north,Udyog Vihar,28.51372,77.10515,sedan,1,23,3.52,0,21,0
U01214,2025-06-29,west,Palam Vihar,28.51952,77.05554,sedan,0,3,4.33,0,71,
U01215,2024-02-14,west,New Gurgaon,28.41505,77.00273,sedan,1,24,4.33,0,24,0
U01216,2025-07-21,north,Golf Course Road,28.43386,77.12251,suv,0,7,3.43,0,235,
U01217,2025-07-02,west,New Gurgaon,28.39933,76.97959,suv,0,3,3.0,0,117,
U01218,2025-08-31,north,Cyber Hub,28.50286,77.09332,hatchback,1,25,3.64,0,19,0
U01219,2025-11-15,east,Sector 56,28.43795,77.11153,suv,0,13,3.38,1,31,
U01220,2025-05-23,west,Sector 14,28.45937,77.03132,sedan,0,6,4.67,0,187,
U01221,2024-06-22,west,New Gurgaon,28.40457,76.98914,hatchback,0,8,3.12,0,70,
U01222,2024-05-14,south,Sohna Road,28.42953,77.04694,sedan,0,5,3.8,0,121,
U01223,2024-03-26,north,Cyber Hub,28.48196,77.07928,sedan,0,4,3.75,0,22,
U01224,2024-07-09,south,Sohna Road,28.39325,77.02112,hatchback,0,4,3.5,0,21,
U01225,2025-08-22,south,Sohna Road,28.40584,77.04892,sedan,1,21,3.1,2,95,1
U01226,2024-04-18,south,Manesar,28.34948,76.95812,sedan,0,6,3.0,2,38,
U01227,2025-04-27,north,Cyber Hub,28.49076,77.07921,sedan,1,25,4.2,0,81,0
U01228,2024-01-03,east,Sector 56,28.41574,77.09867,hatchback,0,6,3.83,0,313,
U01229,2024-01-17,east,Sector 56,28.40735,77.10051,suv,1,33,3.73,1,0,0
U01230,2025-05-24,north,Udyog Vihar,28.49689,77.09648,hatchback,0,11,4.45,0,324,
U01231,2025-07-22,west,Sector 14,28.4746,77.06292,hatchback,0,8,4.38,0,31,
U01232,2025-08-25,west,Palam Vihar,28.51026,77.03143,suv,0,4,3.25,1,93,
U01233,2024-02-13,west,Sector 14,28.46198,77.02665,sedan,0,4,4.25,0,87,
U01234,2024-10-25,west,Palam Vihar,28.52695,77.01827,sedan,0,5,4.4,0,77,
U01235,2025-08-21,north,Udyog Vihar,28.49442,77.06954,suv,1,24,4.12,0,18,0
U01236,2024-10-18,north,Cyber Hub,28.48405,77.11618,sedan,0,13,3.92,0,33,
U01237,2025-11-12,south,Sohna Road,28.40608,77.05353,hatchback,0,9,3.56,0,142,
U01238,2025-07-12,north,Golf Course Road,28.44478,77.1005,sedan,1,24,4.42,0,35,0
U01239,2024-04-19,west,New Gurgaon,28.43269,76.97474,hatchback,0,11,3.36,1,27,
U01240,2024-07-27,west,Sector 14,28.46746,77.02269,suv,0,6,4.33,0,185,
U01241,2024-07-18,north,Golf Course Road,28.44141,77.08737,hatchback,0,8,4.25,0,20,
U01242,2025-11-21,north,Cyber Hub,28.46473,77.088,hatchback,0,9,3.78,0,128,
U01243,2025-04-16,north,Udyog Vihar,28.50165,77.09815,suv,0,7,4.0,0,37,
U01244,2024-05-20,north,Golf Course Road,28.43249,77.10259,sedan,0,9,4.11,0,21,
U01245,2025-06-22,north,Udyog Vihar,28.50224,77.08333,hatchback,0,4,3.5,0,195,
U01246,2024-08-24,north,Udyog Vihar,28.49516,77.07958,hatchback,0,10,3.2,1,5,
U01247,2024-01-12,east,Sector 56,28.42243,77.11041,suv,0,6,3.67,0,178,
U01248,2025-03-11,south,Sohna Road,28.43925,77.03284,hatchback,1,29,4.38,0,3,0
U01249,2024-05-04,west,New Gurgaon,28.40286,76.98168,hatchback,0,13,4.15,0,8,
U01250,2024-06-20,north,Udyog Vihar,28.51635,77.10974,sedan,0,10,3.9,0,87,
U01251,2025-09-04,north,DLF Phase 3,28.4954,77.084,sedan,0,6,3.5,0,10,
U01252,2025-09-27,north,Cyber Hub,28.48946,77.05027,sedan,0,5,3.8,0,70,
U01253,2024-01-26,west,Palam Vihar,28.50519,77.04604,hatchback,0,8,3.25,1,25,
U01254,2025-10-08,north,Cyber Hub,28.48779,77.09442,hatchback,0,12,3.42,0,17,
U01255,2024-04-30,south,Sohna Road,28.39679,77.04826,sedan,1,26,3.81,0,34,0
U01256,2025-11-27,north,Cyber Hub,28.50949,77.10357,suv,0,6,4.5,0,40,
U01257,2024-12-28,north,DLF Phase 3,28.47764,77.10802,hatchback,1,31,3.55,0,18,0
U01258,2025-07-12,west,Sector 14,28.48544,77.06091,suv,0,9,4.56,0,24,
U01259,2025-04-03,north,DLF Phase 3,28.48906,77.09625,hatchback,0,13,3.46,1,5,
U01260,2025-06-05,west,New Gurgaon,28.43445,76.95471,hatchback,0,7,4.43,0,32,
U01261,2025-08-04,west,Palam Vihar,28.51261,77.01792,suv,0,5,4.6,0,118,
U01262,2024-06-25,south,Sohna Road,28.4127,77.03904,suv,0,16,4.0,0,17,
U01263,2025-06-08,north,Cyber Hub,28.49049,77.06254,hatchback,0,5,3.6,0,53,
U01264,2025-07-29,north,DLF Phase 3,28.49058,77.09774,sedan,0,3,4.0,0,116,
U01265,2025-08-07,north,DLF Phase 3,28.50154,77.08796,sedan,0,10,4.2,0,45,
U01266,2025-11-09,north,Cyber Hub,28.49355,77.09542,suv,0,9,3.22,0,3,
U01267,2024-11-25,north,Cyber Hub,28.4825,77.08084,sedan,1,29,3.9,0,58,0
U01268,2024-06-03,north,Udyog Vihar,28.49924,77.09123,hatchback,1,33,3.85,0,21,0
U01269,2025-08-12,north,Golf Course Road,28.44212,77.10637,suv,0,9,3.89,0,102,
U01270,2024-12-18,north,Golf Course Road,28.44396,77.11666,suv,0,11,3.45,0,65,
U01271,2025-01-10,north,Golf Course Road,28.43584,77.11364,suv,0,10,3.9,0,72,
U01272,2025-09-10,south,Sohna Road,28.40078,77.04625,sedan,0,13,4.23,0,92,
U01273,2024-09-17,east,Sector 56,28.43806,77.10306,suv,0,3,4.0,0,96,
U01274,2024-09-10,east,Sector 56,28.42354,77.0716,sedan,1,33,4.18,0,5,0
U01275,2025-04-15,north,Golf Course Road,28.44429,77.12277,hatchback,0,8,4.25,0,40,
U01276,2024-07-25,west,Sector 14,28.4686,77.03373,sedan,1,16,3.81,0,46,0
U01277,2024-01-10,north,Golf Course Road,28.45617,77.10704,sedan,0,6,4.0,0,16,
U01278,2024-05-13,north,Cyber Hub,28.48785,77.09381,hatchback,0,11,3.82,0,1,
U01279,2025-01-10,south,Sohna Road,28.38661,77.02634,hatchback,0,8,4.25,0,158,
U01280,2024-05-17,west,Sector 14,28.47666,77.035,suv,0,6,3.67,0,128,
U01281,2024-10-24,west,Palam Vihar,28.50212,77.05687,hatchback,1,31,3.16,5,23,0
U01282,2025-05-26,west,Palam Vihar,28.49538,77.05138,hatchback,0,6,4.0,0,132,
U01283,2024-01-18,north,Udyog Vihar,28.5094,77.10363,sedan,0,7,4.0,0,68,
U01284,2025-11-08,south,Sohna Road,28.40331,77.06103,hatchback,1,37,3.95,0,18,0
U01285,2024-06-28,east,Sector 56,28.43485,77.09813,hatchback,0,12,3.67,0,31,
U01286,2024-04-23,north,Udyog Vihar,28.48016,77.08917,sedan,1,26,4.08,0,14,1
U01287,2024-07-24,north,DLF Phase 3,28.49232,77.10823,hatchback,1,19,3.58,0,44,0
U01288,2025-05-27,north,Cyber Hub,28.48038,77.08931,sedan,1,21,3.71,0,33,0
U01289,2025-04-24,north,DLF Phase 3,28.50404,77.0854,sedan,0,8,4.12,0,230,
U01290,2024-11-19,north,Cyber Hub,28.51735,77.10733,suv,0,7,3.14,1,96,
U01291,2024-07-08,north,Cyber Hub,28.50031,77.09025,hatchback,0,7,3.86,0,42,
U01292,2024-06-29,west,Palam Vihar,28.52476,77.00734,sedan,0,7,4.29,0,66,
U01293,2025-04-04,north,Cyber Hub,28.50847,77.09661,hatchback,0,6,4.17,0,4,
U01294,2024-02-27,north,Golf Course Road,28.42212,77.07736,suv,0,6,4.0,0,126,
U01295,2024-03-21,west,Palam Vihar,28.53314,77.04508,hatchback,0,4,4.0,0,236,
U01296,2025-06-04,north,Udyog Vihar,28.49665,77.08931,hatchback,1,24,4.5,0,5,0
U01297,2025-03-20,south,Manesar,28.34369,76.93367,hatchback,0,7,3.0,1,109,
U01298,2025-01-17,north,Cyber Hub,28.4912,77.08121,hatchback,1,21,3.95,0,5,1
U01299,2025-11-26,north,DLF Phase 3,28.49458,77.10904,suv,0,8,3.62,0,154,
U01300,2024-12-01,north,Udyog Vihar,28.52677,77.06656,hatchback,0,12,3.33,1,22,
U01301,2024-10-26,north,DLF Phase 3,28.50849,77.11263,suv,1,27,3.52,1,19,0
U01302,2024-09-18,west,New Gurgaon,28.42649,76.96599,suv,0,9,3.44,0,25,
U01303,2024-07-29,east,Sector 56,28.41282,77.08931,hatchback,0,11,4.64,0,71,
U01304,2024-02-13,north,Golf Course Road,28.45137,77.11757,suv,0,11,4.55,0,54,
U01305,2025-10-15,west,Palam Vihar,28.51498,77.03318,sedan,1,29,3.72,1,39,0
U01306,2024-08-10,north,Golf Course Road,28.44682,77.09472,hatchback,0,2,4.0,0,6,
U01307,2024-08-06,west,New Gurgaon,28.42478,76.97046,hatchback,1,14,3.93,0,180,1
U01308,2025-01-31,west,Palam Vihar,28.49916,77.03533,sedan,1,37,3.57,2,24,0
U01309,2024-05-29,south,Sohna Road,28.40943,77.03736,suv,1,17,3.71,0,28,0
U01310,2024-02-20,north,Golf Course Road,28.44918,77.10106,sedan,0,12,4.17,0,6,
U01311,2024-04-21,west,Sector 14,28.46515,77.04178,sedan,0,6,3.67,0,93,
U01312,2025-03-02,east,Sector 56,28.4208,77.10776,suv,0,5,3.8,0,131,
U01313,2025-07-15,north,Cyber Hub,28.5057,77.08522,sedan,0,7,4.29,0,209,
U01314,2025-03-20,north,Golf Course Road,28.44111,77.11684,sedan,0,8,4.25,0,22,
U01315,2024-10-10,south,Sohna Road,28.40825,77.03354,hatchback,1,29,3.93,1,32,0
U01316,2025-08-15,north,Golf Course Road,28.45458,77.08738,suv,1,29,4.24,0,4,0
U01317,2024-11-27,north,DLF Phase 3,28.49543,77.1145,suv,0,7,4.14,0,65,
U01318,2024-07-09,north,Cyber Hub,28.47216,77.07845,suv,1,32,4.06,0,2,0
U01319,2024-05-03,north,Golf Course Road,28.45807,77.09896,suv,0,9,4.22,0,22,
U01320,2024-05-28,north,Golf Course Road,28.44508,77.13323,sedan,0,4,4.5,0,10,
U01321,2024-12-21,north,DLF Phase 3,28.48556,77.09825,hatchback,0,9,3.56,0,115,
U01322,2025-03-22,north,DLF Phase 3,28.49688,77.10006,hatchback,0,13,4.08,0,33,
U01323,2024-11-25,west,Palam Vihar,28.51617,77.0501,suv,0,10,4.1,0,67,
U01324,2025-05-11,north,Golf Course Road,28.4498,77.09874,hatchback,1,26,3.58,0,40,0
U01325,2024-11-02,north,Cyber Hub,28.4697,77.09128,sedan,1,34,4.03,0,4,0
U01326,2024-05-18,west,Palam Vihar,28.50388,77.03174,suv,0,12,4.17,0,32,
U01327,2025-09-16,west,Palam Vihar,28.51216,77.04137,hatchback,0,9,3.33,0,6,
U01328,2024-09-06,north,Cyber Hub,28.49985,77.07817,suv,0,6,4.67,0,94,
U01329,2025-08-25,south,Manesar,28.35271,76.91978,suv,0,8,4.12,0,115,
U01330,2025-08-23,north,Udyog Vihar,28.47685,77.07856,sedan,0,9,3.78,0,71,
U01331,2024-01-23,north,DLF Phase 3,28.50751,77.10492,suv,1,34,3.76,0,0,0
U01332,2025-05-30,north,Cyber Hub,28.49976,77.07819,hatchback,0,3,4.33,0,14,
U01333,2025-10-04,north,Udyog Vihar,28.5065,77.09056,sedan,1,22,3.18,2,60,0
U01334,2024-02-05,north,Golf Course Road,28.44588,77.10777,hatchback,0,9,3.56,0,45,
U01335,2025-06-28,south,Sohna Road,28.42492,77.04192,sedan,0,7,3.0,0,43,
U01336,2025-01-17,west,Palam Vihar,28.52524,77.03275,suv,0,8,3.38,0,91,
U01337,2024-06-11,south,Sohna Road,28.40855,77.0375,hatchback,1,22,3.27,0,17,0
U01338,2024-08-16,north,Cyber Hub,28.50407,77.08046,sedan,1,26,3.58,0,17,0
U01339,2024-04-10,north,Udyog Vihar,28.48784,77.082,suv,0,7,3.86,0,18,
U01340,2025-03-14,east,Sector 56,28.44534,77.11155,hatchback,0,5,4.8,0,157,
U01341,2025-08-02,west,Sector 14,28.46043,77.03244,hatchback,0,6,4.5,0,80,
U01342,2024-01-24,north,DLF Phase 3,28.49704,77.09541,sedan,0,5,3.6,0,187,
U01343,2025-02-05,south,Sohna Road,28.38803,77.05045,hatchback,0,10,3.9,0,75,
U01344,2025-11-28,north,DLF Phase 3,28.494,77.08995,suv,0,10,3.8,0,55,
U01345,2024-06-24,south,Sohna Road,28.43242,77.03677,suv,1,29,3.38,2,6,0
U01346,2025-04-19,west,New Gurgaon,28.42528,76.99289,hatchback,0,14,3.57,0,4,
U01347,2025-09-28,north,Cyber Hub,28.48221,77.09033,sedan,0,8,4.12,0,103,
U01348,2025-06-08,west,Sector 14,28.47498,77.03223,sedan,0,4,3.25,1,54,
U01349,2024-08-30,north,Udyog Vihar,28.49921,77.08933,hatchback,1,34,4.53,0,50,0
U01350,2024-08-24,north,Golf Course Road,28.43603,77.08424,sedan,1,22,3.23,1,32,0
U01351,2025-04-14,west,New Gurgaon,28.42603,76.98432,hatchback,0,7,3.43,0,39,
U01352,2024-08-27,south,Manesar,28.37494,76.95012,hatchback,0,10,4.2,0,32,
U01353,2025-10-24,east,Sector 56,28.39011,77.09472,sedan,0,7,3.71,0,4,
U01354,2025-02-23,north,Udyog Vihar,28.50434,77.0888,sedan,1,29,4.66,0,2,0
U01355,2024-01-19,north,Udyog Vihar,28.5152,77.11478,sedan,0,7,2.86,3,51,
U01356,2025-06-18,west,Sector 14,28.4802,77.03473,sedan,0,7,3.29,0,10,
U01357,2024-02-05,north,Golf Course Road,28.42285,77.10182,suv,0,10,4.0,0,71,
U01358,2024-07-13,north,Golf Course Road,28.4407,77.09487,suv,0,7,3.43,0,7,
U01359,2025-06-17,north,Cyber Hub,28.48235,77.08066,suv,1,28,4.0,0,5,1
U01360,2025-06-14,north,DLF Phase 3,28.50544,77.07799,suv,1,35,4.0,0,41,0
U01361,2024-10-16,south,Sohna Road,28.40712,77.04773,sedan,0,6,3.67,0,15,
U01362,2024-08-02,east,Sector 56,28.4078,77.09141,sedan,0,10,3.6,0,148,
U01363,2025-07-03,west,Palam Vihar,28.52056,77.03083,suv,1,20,3.15,2,31,1
U01364,2025-10-12,north,Udyog Vihar,28.50919,77.07269,suv,1,32,3.09,6,3,1
U01365,2024-08-13,south,Sohna Road,28.41196,77.04626,suv,0,7,4.57,0,57,
U01366,2025-08-11,north,DLF Phase 3,28.49314,77.09642,hatchback,0,4,3.75,0,270,
U01367,2024-04-01,north,Golf Course Road,28.45964,77.10288,hatchback,1,21,4.29,0,66,0
U01368,2024-01-21,north,DLF Phase 3,28.50794,77.09506,sedan,0,9,3.33,1,36,
U01369,2025-10-17,west,Sector 14,28.45128,77.01275,sedan,0,6,4.0,0,58,
U01370,2024-02-09,west,New Gurgaon,28.42882,76.99115,hatchback,0,7,4.14,0,12,
U01371,2025-10-25,north,Udyog Vihar,28.50925,77.09321,sedan,0,9,4.22,0,34,
U01372,2025-01-12,north,Cyber Hub,28.49312,77.10194,hatchback,1,30,4.23,0,37,0
U01373,2024-01-16,north,Golf Course Road,28.45419,77.12936,suv,0,11,3.82,0,49,
U01374,2024-08-16,north,Cyber Hub,28.49424,77.08514,sedan,0,6,3.5,1,10,
U01375,2024-03-17,south,Manesar,28.32914,76.94083,suv,1,28,3.75,0,26,1
U01376,2024-11-18,north,Udyog Vihar,28.48357,77.08399,hatchback,1,26,3.96,0,19,1
U01377,2025-08-09,south,Sohna Road,28.42323,77.05775,hatchback,0,4,3.0,0,229,
U01378,2025-10-10,west,Palam Vihar,28.50647,77.07359,sedan,0,11,3.91,0,114,
U01379,2024-03-09,west,Sector 14,28.4755,77.00746,suv,0,14,4.5,0,92,
U01380,2024-06-24,north,Cyber Hub,28.48679,77.08119,hatchback,0,12,4.33,0,16,
U01381,2025-05-06,north,Cyber Hub,28.49069,77.07418,sedan,1,36,4.14,0,32,0
U01382,2024-06-05,west,Palam Vihar,28.50183,77.02873,sedan,0,9,3.89,0,53,
U01383,2024-11-11,north,Cyber Hub,28.49591,77.0983,hatchback,0,8,4.62,0,25,
U01384,2025-11-22,north,Golf Course Road,28.43866,77.08557,hatchback,1,26,4.12,0,0,0
U01385,2024-10-01,north,Cyber Hub,28.49977,77.1075,suv,0,7,4.71,0,67,
U01386,2024-11-08,west,Palam Vihar,28.50551,77.02941,hatchback,0,8,3.75,0,1,
U01387,2024-03-06,west,Palam Vihar,28.52709,77.03071,suv,1,30,3.1,4,32,1
U01388,2025-06-20,north,Udyog Vihar,28.5212,77.09064,hatchback,0,6,4.33,0,23,
U01389,2024-08-17,north,DLF Phase 3,28.48952,77.11895,sedan,0,9,4.67,0,32,
U01390,2025-06-28,east,Sector 56,28.43044,77.09059,suv,0,7,3.43,1,140,
U01391,2024-02-27,north,Golf Course Road,28.41371,77.09751,sedan,0,10,4.0,0,102,
U01392,2025-01-10,north,Cyber Hub,28.50215,77.08086,sedan,0,11,3.36,1,139,
U01393,2025-11-18,north,Cyber Hub,28.49078,77.08092,hatchback,0,6,3.83,0,132,
U01394,2024-12-10,north,Udyog Vihar,28.50262,77.07823,sedan,0,10,4.6,0,181,
U01395,2025-11-26,north,Golf Course Road,28.43005,77.10115,hatchback,1,31,3.45,1,24,0
U01396,2025-02-05,north,Cyber Hub,28.50835,77.1004,suv,1,21,3.62,0,11,1
U01397,2024-05-03,south,Manesar,28.35469,76.9226,suv,1,30,3.3,4,0,0
U01398,2024-10-10,west,Palam Vihar,28.51452,77.03971,sedan,1,30,3.37,1,85,0
U01399,2024-04-16,north,Cyber Hub,28.50244,77.09269,sedan,1,36,3.25,3,14,0
U01400,2024-05-26,north,Golf Course Road,28.45463,77.07965,sedan,0,5,4.6,0,18,
U01401,2025-09-02,west,Sector 14,28.4392,77.01655,sedan,0,9,3.44,0,131,
U01402,2025-08-11,south,Manesar,28.35695,76.92675,hatchback,0,6,3.17,0,17,
U01403,2024-01-16,east,Sector 56,28.4204,77.11328,suv,0,6,4.5,0,131,
U01404,2025-04-03,north,Cyber Hub,28.49684,77.05763,hatchback,0,9,4.0,0,11,
U01405,2024-03-11,north,Golf Course Road,28.46419,77.10224,hatchback,0,4,3.5,0,83,
U01406,2025-05-04,west,New Gurgaon,28.4329,76.97038,hatchback,0,6,3.5,0,15,
U01407,2025-06-16,north,Golf Course Road,28.44276,77.11945,sedan,1,36,4.44,0,25,0
U01408,2024-06-03,south,Manesar,28.35122,76.93321,suv,1,29,2.86,7,17,0
U01409,2024-04-09,north,DLF Phase 3,28.50295,77.06918,suv,0,10,3.6,0,67,
U01410,2024-10-03,west,Sector 14,28.46278,77.02355,hatchback,0,11,3.64,0,1,
U01411,2025-06-04,east,Sector 56,28.38918,77.10188,suv,0,9,4.11,0,2,
U01412,2025-06-30,west,Palam Vihar,28.51873,77.03167,hatchback,0,5,4.4,0,4,
U01413,2025-01-30,north,Golf Course Road,28.44592,77.11982,hatchback,1,35,4.4,0,19,0
U01414,2025-06-20,north,Golf Course Road,28.45563,77.07225,sedan,0,8,4.5,0,215,
U01415,2025-02-26,south,Manesar,28.37815,76.93036,sedan,1,31,3.45,1,12,0
U01416,2025-07-18,west,Palam Vihar,28.52305,77.04659,suv,0,9,4.44,0,32,
U01417,2025-09-12,north,Cyber Hub,28.48009,77.08567,suv,1,35,3.54,0,3,0
U01418,2025-02-07,west,New Gurgaon,28.43695,77.00308,suv,0,15,4.07,0,40,
U01419,2024-07-30,north,Cyber Hub,28.482,77.07805,suv,1,28,3.71,0,3,0
U01420,2024-04-12,west,Sector 14,28.45658,77.02652,suv,0,9,4.33,0,110,
U01421,2025-04-18,east,Sector 56,28.4365,77.07867,sedan,0,12,3.33,0,33,
U01422,2024-09-03,north,Golf Course Road,28.44542,77.09794,sedan,1,28,4.5,0,11,0
U01423,2025-04-14,north,DLF Phase 3,28.4985,77.07993,suv,0,8,3.75,0,4,
U01424,2025-07-23,north,DLF Phase 3,28.52537,77.11198,suv,1,24,3.38,0,9,0
U01425,2024-03-18,north,Udyog Vihar,28.49802,77.10275,suv,0,7,3.86,0,59,
U01426,2024-08-07,south,Sohna Road,28.43067,77.00828,suv,0,11,2.73,4,45,
U01427,2025-08-27,north,Cyber Hub,28.48385,77.07439,sedan,1,25,3.32,0,66,1
U01428,2025-09-07,north,Cyber Hub,28.49594,77.0987,suv,0,7,3.71,0,17,
U01429,2024-04-17,south,Sohna Road,28.39569,77.0169,suv,0,4,4.75,0,268,
U01430,2025-02-12,west,Sector 14,28.48344,77.02326,hatchback,0,9,4.22,0,157,
U01431,2025-07-16,north,Golf Course Road,28.42473,77.08364,hatchback,0,2,4.5,0,20,
U01432,2025-10-24,north,Golf Course Road,28.43279,77.10313,sedan,0,13,3.77,0,18,
U01433,2024-11-21,south,Manesar,28.34773,76.95,hatchback,0,10,3.0,2,39,
U01434,2024-01-23,east,Sector 56,28.41361,77.10817,sedan,1,29,3.28,1,23,0
U01435,2025-11-01,north,Cyber Hub,28.51023,77.08743,sedan,1,27,4.63,0,24,1
U01436,2024-01-20,north,Cyber Hub,28.49711,77.07432,suv,0,9,4.0,0,13,
U01437,2025-01-31,west,Sector 14,28.45459,77.02468,hatchback,0,9,4.22,0,20,
U01438,2025-11-22,south,Manesar,28.3479,76.9424,suv,1,24,4.21,0,5,0
U01439,2024-03-29,west,Palam Vihar,28.5232,77.03894,hatchback,0,3,3.67,0,387,
U01440,2024-10-11,south,Manesar,28.34373,76.93951,hatchback,1,29,3.0,4,31,0
U01441,2024-08-07,west,Palam Vihar,28.49712,77.02213,suv,1,28,4.46,0,10,0
U01442,2024-06-13,west,Palam Vihar,28.51976,77.02922,hatchback,0,6,3.67,0,17,
U01443,2025-10-08,south,Manesar,28.36669,76.94405,sedan,0,5,4.6,0,18,
U01444,2024-05-01,north,Udyog Vihar,28.52083,77.07776,hatchback,1,18,3.28,0,0,0
U01445,2024-09-21,west,New Gurgaon,28.42291,77.01857,sedan,0,9,4.0,0,25,
U01446,2025-04-08,north,Udyog Vihar,28.50148,77.08204,sedan,0,10,4.3,0,163,
U01447,2025-10-13,north,Cyber Hub,28.4865,77.08222,hatchback,0,9,4.33,0,117,
U01448,2024-02-05,south,Manesar,28.36175,76.93403,suv,1,28,3.04,5,18,1
U01449,2025-01-25,west,Sector 14,28.47292,77.0106,sedan,0,5,4.0,0,181,
U01450,2025-10-19,north,Golf Course Road,28.4361,77.11102,suv,1,34,4.5,0,51,1
U01451,2025-05-08,north,Cyber Hub,28.49187,77.11672,hatchback,0,6,4.33,0,92,
U01452,2025-08-23,south,Sohna Road,28.40089,77.04944,sedan,0,11,3.82,0,150,
U01453,2025-11-23,west,New Gurgaon,28.41987,76.98938,hatchback,0,8,3.25,1,76,
U01454,2025-08-04,south,Sohna Road,28.41808,77.03993,sedan,1,28,4.11,0,6,0
U01455,2024-06-15,north,Cyber Hub,28.49732,77.05917,sedan,0,10,4.2,0,24,
U01456,2024-08-05,south,Sohna Road,28.40906,77.00818,hatchback,1,31,3.71,1,0,0
U01457,2024-10-08,north,Udyog Vihar,28.47022,77.1129,suv,1,29,4.03,0,4,0
U01458,2025-03-26,north,Cyber Hub,28.49597,77.11104,suv,1,18,3.83,1,37,1
U01459,2025-10-07,north,Udyog Vihar,28.51417,77.10848,sedan,0,14,4.43,0,47,
U01460,2025-03-10,west,Sector 14,28.47212,77.01554,hatchback,1,37,4.35,0,8,1
U01461,2025-08-17,east,Sector 56,28.42329,77.11064,sedan,0,10,3.2,1,29,
U01462,2025-11-20,east,Sector 56,28.43267,77.1014,suv,0,7,4.0,0,68,
U01463,2025-01-21,south,Sohna Road,28.4156,77.04132,sedan,1,28,4.39,0,0,0
U01464,2025-01-18,south,Sohna Road,28.3968,77.02691,hatchback,0,11,3.55,0,3,
U01465,2024-07-13,north,Cyber Hub,28.49193,77.08841,suv,1,30,3.43,1,9,1
U01466,2025-11-04,east,Sector 56,28.42385,77.11573,hatchback,0,3,4.33,0,133,
U01467,2024-01-27,west,Sector 14,28.47606,77.0274,sedan,0,7,4.14,0,45,
U01468,2024-02-25,south,Sohna Road,28.4006,77.01769,sedan,0,9,4.33,0,3,
U01469,2025-09-27,north,Cyber Hub,28.49833,77.08254,hatchback,0,7,3.0,2,101,
U01470,2025-08-25,north,Golf Course Road,28.41821,77.11697,sedan,0,6,3.5,0,72,
U01471,2025-07-30,north,Golf Course Road,28.43143,77.10067,sedan,0,9,4.22,0,24,
U01472,2024-08-07,west,Palam Vihar,28.50486,77.02029,sedan,0,11,4.18,0,88,
U01473,2025-11-06,north,Udyog Vihar,28.51138,77.07826,hatchback,1,30,3.53,1,17,0
U01474,2025-10-13,south,Sohna Road,28.40899,77.06093,suv,0,13,4.15,0,74,
U01475,2024-01-12,north,Cyber Hub,28.49178,77.11719,sedan,0,6,4.0,0,73,
U01476,2024-04-02,west,Palam Vihar,28.50632,77.04731,sedan,0,8,4.12,0,171,
U01477,2024-01-24,north,Golf Course Road,28.4229,77.10931,hatchback,0,4,3.0,0,288,
U01478,2024-09-25,south,Sohna Road,28.40998,77.04146,suv,0,11,4.82,0,8,
U01479,2024-11-23,south,Sohna Road,28.41418,77.02378,suv,0,3,4.67,0,213,
U01480,2024-08-23,north,Cyber Hub,28.50568,77.0941,sedan,0,7,3.29,1,65,
U01481,2025-07-13,north,Cyber Hub,28.50425,77.09604,hatchback,0,12,4.17,0,53,
U01482,2024-09-02,north,DLF Phase 3,28.48431,77.10465,suv,0,8,3.62,0,255,
U01483,2025-05-12,east,Sector 56,28.41156,77.09228,suv,1,24,3.54,0,19,1
U01484,2024-01-09,south,Manesar,28.36283,76.9621,sedan,0,7,3.86,0,81,
U01485,2024-09-14,west,Palam Vihar,28.51568,77.0256,suv,0,12,4.58,0,7,
U01486,2025-11-09,north,Udyog Vihar,28.49816,77.09109,sedan,1,40,4.3,0,1,1
U01487,2024-01-28,south,Manesar,28.35525,76.95591,hatchback,0,9,3.33,1,27,
U01488,2024-10-08,north,DLF Phase 3,28.48986,77.08218,hatchback,0,12,3.25,1,25,
U01489,2025-10-31,north,Udyog Vihar,28.50316,77.09005,hatchback,0,8,4.12,0,0,
U01490,2025-10-04,west,New Gurgaon,28.44654,76.96291,sedan,0,14,2.93,1,36,
U01491,2025-06-10,north,Cyber Hub,28.47231,77.08271,suv,0,8,4.12,0,76,
U01492,2024-01-26,north,Golf Course Road,28.43947,77.10097,sedan,0,8,3.0,1,44,
U01493,2025-08-29,east,Sector 56,28.42921,77.09258,sedan,1,28,4.43,0,11,0
U01494,2025-03-29,west,New Gurgaon,28.4193,76.9703,hatchback,0,7,3.14,0,94,
U01495,2025-03-03,north,DLF Phase 3,28.50323,77.10062,suv,0,5,3.2,1,13,
U01496,2024-01-23,north,Cyber Hub,28.50319,77.08002,sedan,0,8,4.12,0,9,
U01497,2024-03-08,west,New Gurgaon,28.41507,76.97745,hatchback,0,5,3.4,0,67,
U01498,2025-05-22,north,DLF Phase 3,28.49761,77.09707,hatchback,1,24,4.25,0,2,1
U01499,2025-05-01,west,Palam Vihar,28.49731,77.03738,sedan,0,6,3.67,0,28,
U01500,2025-05-28,north,Golf Course Road,28.45496,77.11052,suv,1,32,3.94,0,3,0
U01501,2024-03-20,east,Sector 56,28.39886,77.09774,sedan,0,2,4.5,0,116,
U01502,2024-12-25,south,Sohna Road,28.40388,77.04446,suv,0,12,3.75,0,23,
U01503,2025-01-22,north,Udyog Vihar,28.50066,77.08513,sedan,1,29,4.07,0,11,1
U01504,2024-10-19,west,Sector 14,28.48838,77.04672,hatchback,1,33,3.0,4,38,0
U01505,2024-02-12,west,Sector 14,28.46829,77.01299,hatchback,0,6,2.83,1,6,
U01506,2024-10-11,west,New Gurgaon,28.43541,76.98694,sedan,0,8,3.88,0,113,
U01507,2024-11-28,north,Cyber Hub,28.49645,77.09365,suv,0,9,3.33,0,162,
U01508,2025-07-07,east,Sector 56,28.42721,77.09662,hatchback,1,25,3.6,0,15,0
U01509,2024-03-22,west,New Gurgaon,28.4124,76.9679,suv,0,7,4.14,0,20,
U01510,2024-07-10,south,Sohna Road,28.40875,77.0208,sedan,1,36,3.28,2,1,1
U01511,2024-01-17,south,Sohna Road,28.39567,77.0269,sedan,0,10,4.8,0,74,
U01512,2024-12-16,north,Cyber Hub,28.51529,77.08548,hatchback,1,34,3.71,1,36,1
U01513,2024-07-05,north,Golf Course Road,28.43665,77.10373,sedan,0,6,3.17,0,184,
U01514,2025-10-09,south,Manesar,28.35633,76.95219,suv,0,4,3.5,0,95,
U01515,2025-02-18,east,Sector 56,28.4311,77.09897,hatchback,0,7,3.29,0,8,
U01516,2024-02-08,west,Palam Vihar,28.51882,77.04791,hatchback,1,28,4.25,0,15,0
U01517,2025-10-24,west,Sector 14,28.47008,77.01086,sedan,0,7,3.71,0,58,
U01518,2025-08-01,south,Sohna Road,28.40009,77.03898,suv,0,3,4.33,0,308,
U01519,2024-12-06,north,Cyber Hub,28.50386,77.08264,suv,1,20,4.2,0,15,0
U01520,2025-10-07,south,Sohna Road,28.40166,77.04099,hatchback,1,27,3.89,0,17,1
U01521,2024-01-16,north,Udyog Vihar,28.51016,77.06882,hatchback,0,5,3.0,0,117,
U01522,2025-10-18,south,Sohna Road,28.40111,77.04191,sedan,0,12,3.83,0,6,
U01523,2024-08-22,west,Palam Vihar,28.51774,77.03705,hatchback,1,23,3.17,4,2,1
U01524,2025-05-04,east,Sector 56,28.42276,77.10374,sedan,1,28,4.29,0,6,0
U01525,2024-11-02,north,Golf Course Road,28.4395,77.11936,sedan,0,5,4.6,0,107,
U01526,2024-04-16,west,Sector 14,28.4625,77.05211,hatchback,0,11,3.64,0,115,
U01527,2025-04-15,south,Sohna Road,28.41764,77.03593,hatchback,0,6,4.17,0,154,
U01528,2025-08-10,north,DLF Phase 3,28.46526,77.09487,sedan,1,29,4.41,0,1,0
U01529,2025-03-05,north,Cyber Hub,28.48679,77.0714,sedan,0,13,3.92,0,64,
U01530,2024-06-24,north,Cyber Hub,28.49177,77.09265,sedan,1,35,4.11,0,18,0
U01531,2025-04-28,north,Udyog Vihar,28.49234,77.05161,suv,0,10,4.4,0,83,
U01532,2024-07-14,north,Cyber Hub,28.49618,77.09372,sedan,0,6,4.0,0,130,
U01533,2025-09-30,south,Sohna Road,28.40751,77.01729,sedan,1,25,4.32,0,3,1
U01534,2024-05-29,east,Sector 56,28.44322,77.08728,hatchback,0,4,4.25,0,31,
U01535,2024-04-15,east,Sector 56,28.41308,77.08579,sedan,1,28,4.0,0,11,0
U01536,2025-01-08,north,DLF Phase 3,28.5182,77.11371,sedan,0,11,4.45,0,159,
U01537,2024-02-02,north,DLF Phase 3,28.4761,77.09282,sedan,0,9,3.0,1,58,
U01538,2024-12-09,north,DLF Phase 3,28.50389,77.11397,sedan,0,11,3.36,1,39,
U01539,2024-06-10,north,Golf Course Road,28.44888,77.11734,sedan,0,4,3.5,0,272,
U01540,2025-11-20,east,Sector 56,28.41918,77.0826,hatchback,0,5,3.2,0,87,
U01541,2024-02-04,north,Golf Course Road,28.44999,77.11302,hatchback,0,15,3.6,0,17,
U01542,2024-02-02,north,Udyog Vihar,28.49438,77.09466,suv,1,28,3.39,1,4,1
U01543,2025-06-28,west,Sector 14,28.47309,77.029,sedan,0,9,4.11,0,94,
U01544,2024-12-15,west,Sector 14,28.45764,77.02792,suv,0,9,4.0,0,108,
U01545,2024-06-28,west,Palam Vihar,28.51493,77.02247,hatchback,0,3,4.0,0,87,
U01546,2025-06-16,east,Sector 56,28.41743,77.11533,sedan,1,21,4.19,0,25,0
U01547,2025-10-15,south,Manesar,28.36436,76.95312,sedan,1,34,3.88,0,5,1
U01548,2025-05-18,east,Sector 56,28.44158,77.09563,suv,1,28,4.18,0,10,0
U01549,2024-01-28,south,Manesar,28.34005,76.92656,sedan,1,37,3.7,1,10,1
U01550,2024-08-31,north,DLF Phase 3,28.5169,77.10813,sedan,0,13,4.54,0,5,
U01551,2025-10-09,south,Sohna Road,28.4145,77.02831,hatchback,0,11,3.73,0,167,
U01552,2024-01-15,west,Sector 14,28.48453,77.0367,sedan,1,32,3.78,0,24,0
U01553,2025-04-01,west,Palam Vihar,28.49061,77.05359,suv,1,23,4.26,0,9,0
U01554,2024-10-27,north,Udyog Vihar,28.48858,77.0947,hatchback,0,10,3.7,0,150,
U01555,2024-08-26,north,Cyber Hub,28.49633,77.06385,hatchback,0,8,4.38,0,113,
U01556,2024-12-20,north,DLF Phase 3,28.50442,77.09016,sedan,0,7,3.57,0,52,
U01557,2024-10-27,north,Cyber Hub,28.48972,77.08563,hatchback,0,7,3.57,0,130,
U01558,2024-07-16,north,Udyog Vihar,28.52,77.09317,hatchback,1,28,4.29,0,8,1
U01559,2024-10-02,north,Cyber Hub,28.48928,77.07668,suv,1,26,3.96,0,3,0
U01560,2024-07-05,north,Golf Course Road,28.43535,77.08922,sedan,1,28,4.5,0,5,0
U01561,2024-02-17,west,New Gurgaon,28.42236,76.98238,suv,0,4,3.75,0,249,
U01562,2025-10-23,north,Udyog Vihar,28.51572,77.06997,hatchback,0,5,4.4,0,94,
U01563,2025-02-23,north,Cyber Hub,28.49675,77.08671,sedan,0,10,4.3,0,22,
U01564,2025-08-09,west,New Gurgaon,28.4233,76.97474,hatchback,1,30,2.97,4,93,1
U01565,2024-07-07,south,Sohna Road,28.40087,77.03086,suv,0,13,4.31,0,30,
U01566,2024-02-16,west,New Gurgaon,28.41672,76.98592,sedan,0,16,2.94,4,18,
U01567,2025-07-29,east,Sector 56,28.43061,77.09981,suv,0,6,4.67,0,32,
U01568,2025-08-22,west,Palam Vihar,28.51807,77.04055,suv,0,3,3.67,0,137,
U01569,2024-09-28,north,DLF Phase 3,28.50024,77.07959,hatchback,0,6,4.0,0,39,
U01570,2025-05-09,west,New Gurgaon,28.40088,76.99287,hatchback,1,22,4.41,0,52,1
U01571,2024-11-02,north,Cyber Hub,28.49404,77.09532,hatchback,0,6,3.67,0,51,
U01572,2025-09-02,south,Manesar,28.35995,76.91522,suv,0,11,3.91,0,45,
U01573,2025-09-12,west,New Gurgaon,28.43907,76.98717,sedan,1,24,3.75,0,52,1
U01574,2024-03-20,north,Cyber Hub,28.48604,77.08461,hatchback,0,8,4.0,0,10,
U01575,2024-10-05,west,Sector 14,28.46715,77.03207,suv,1,31,4.0,0,13,0
U01576,2024-12-30,north,Cyber Hub,28.51438,77.08298,sedan,1,34,4.53,0,5,0
U01577,2025-01-08,west,Palam Vihar,28.49768,77.01526,sedan,0,7,4.29,0,15,
U01578,2025-08-17,west,Palam Vihar,28.5142,77.04377,suv,0,6,3.33,0,54,
U01579,2025-03-21,west,Palam Vihar,28.51568,77.05122,suv,0,9,4.56,0,32,
U01580,2024-04-02,south,Manesar,28.3449,76.93175,sedan,0,12,3.25,3,76,
U01581,2024-02-28,north,Golf Course Road,28.44729,77.10201,suv,0,12,4.08,0,39,
U01582,2024-12-23,east,Sector 56,28.43164,77.11995,suv,1,24,4.08,0,36,0
U01583,2024-04-30,south,Sohna Road,28.40568,77.03695,hatchback,0,7,3.57,0,106,
U01584,2024-10-05,north,DLF Phase 3,28.5021,77.09857,sedan,0,8,3.75,1,49,
U01585,2024-06-10,north,Cyber Hub,28.49293,77.0958,hatchback,1,33,4.12,0,54,0
U01586,2024-02-04,north,Cyber Hub,28.48538,77.10198,sedan,0,7,3.71,0,53,
U01587,2025-06-16,south,Sohna Road,28.40259,77.0437,hatchback,1,32,4.28,0,10,1
U01588,2025-07-23,north,Cyber Hub,28.48957,77.08344,sedan,1,31,3.48,2,31,0
U01589,2025-12-01,north,Cyber Hub,28.48245,77.10679,hatchback,0,10,4.3,0,200,
U01590,2025-07-04,north,Cyber Hub,28.47858,77.0998,suv,1,22,3.32,2,53,0
U01591,2024-04-30,north,Cyber Hub,28.49981,77.09311,sedan,0,5,3.4,0,157,
U01592,2024-07-25,west,New Gurgaon,28.42237,77.0027,sedan,1,30,3.97,0,21,0
U01593,2024-09-30,south,Sohna Road,28.4253,77.03934,hatchback,0,9,3.89,0,49,
U01594,2024-01-17,north,DLF Phase 3,28.49396,77.08964,sedan,1,25,4.32,0,23,0
U01595,2025-06-13,south,Sohna Road,28.42239,77.02056,suv,1,30,4.23,0,23,0
U01596,2024-12-29,east,Sector 56,28.43189,77.09656,sedan,0,11,4.36,0,62,
U01597,2024-08-25,north,DLF Phase 3,28.50993,77.08833,sedan,0,8,4.0,0,147,
U01598,2024-03-19,north,Golf Course Road,28.46188,77.09618,hatchback,1,23,3.7,0,23,1
U01599,2025-10-13,west,Sector 14,28.46853,77.03163,suv,1,26,3.62,0,10,1
U01600,2025-02-27,south,Sohna Road,28.41386,77.05076,hatchback,0,7,4.43,0,2,
U01601,2024-08-05,north,Udyog Vihar,28.53081,77.09257,sedan,1,27,4.15,0,2,0
U01602,2024-03-01,north,Cyber Hub,28.5155,77.09031,sedan,0,12,3.33,1,81,
U01603,2024-03-23,west,Palam Vihar,28.50417,77.05479,sedan,0,6,3.5,0,34,
U01604,2024-03-07,south,Sohna Road,28.42203,77.06318,sedan,0,6,4.5,0,153,
U01605,2024-07-12,north,Cyber Hub,28.49599,77.10791,hatchback,0,7,3.57,0,17,
U01606,2025-06-01,north,Udyog Vihar,28.50779,77.10713,suv,1,26,3.27,1,18,0
U01607,2025-08-31,north,Golf Course Road,28.4399,77.11749,hatchback,1,25,4.44,0,56,0
U01608,2024-11-15,north,Cyber Hub,28.49865,77.06906,suv,0,10,3.1,0,5,
U01609,2025-01-02,north,DLF Phase 3,28.48071,77.08868,suv,1,29,4.07,0,2,0
U01610,2024-04-05,south,Sohna Road,28.41715,77.0484,suv,0,9,4.0,0,111,
U01611,2024-12-24,north,DLF Phase 3,28.50123,77.11011,sedan,1,33,4.03,0,29,0
U01612,2025-03-22,west,Palam Vihar,28.52076,77.02134,sedan,1,26,4.08,0,18,0
U01613,2024-09-23,north,Cyber Hub,28.51446,77.09558,sedan,0,2,4.0,0,55,
U01614,2025-11-22,south,Sohna Road,28.41675,77.04212,sedan,1,30,3.73,0,1,0
U01615,2024-11-05,west,Palam Vihar,28.50565,77.02905,suv,1,32,4.44,0,20,0
U01616,2025-03-16,east,Sector 56,28.43069,77.1047,hatchback,1,31,3.77,0,21,0
U01617,2025-06-06,north,Cyber Hub,28.49323,77.08298,hatchback,0,8,3.25,0,150,
U01618,2025-04-03,south,Sohna Road,28.40178,77.01726,suv,0,10,3.2,0,16,
U01619,2024-07-06,north,Golf Course Road,28.45096,77.10934,suv,0,6,3.5,0,73,
U01620,2025-08-17,east,Sector 56,28.41212,77.07348,suv,0,8,4.25,0,37,
U01621,2025-03-16,north,Cyber Hub,28.49358,77.07365,sedan,0,11,4.55,0,49,
U01622,2025-11-14,west,New Gurgaon,28.42385,76.98455,sedan,1,40,3.88,0,11,1
U01623,2024-03-16,south,Manesar,28.34468,76.93007,hatchback,0,9,3.78,0,25,
U01624,2024-01-14,north,Cyber Hub,28.51834,77.09162,sedan,1,24,3.96,0,39,1
U01625,2025-09-07,east,Sector 56,28.41138,77.10611,sedan,0,9,4.56,0,10,
U01626,2025-02-15,north,DLF Phase 3,28.49733,77.10521,hatchback,1,27,4.26,0,0,0
U01627,2024-08-29,north,DLF Phase 3,28.49687,77.08822,hatchback,0,7,4.57,0,86,
U01628,2025-05-14,north,Cyber Hub,28.49017,77.09544,suv,0,7,3.43,0,291,
U01629,2024-06-20,north,DLF Phase 3,28.482,77.07932,hatchback,0,8,4.25,0,194,
U01630,2025-04-19,west,Palam Vihar,28.51642,77.0346,hatchback,0,5,3.6,0,3,
U01631,2025-08-19,north,Cyber Hub,28.48698,77.08947,hatchback,0,5,4.0,0,46,
U01632,2024-07-24,west,New Gurgaon,28.40448,76.97565,hatchback,1,30,4.2,0,52,0
U01633,2024-07-30,north,Golf Course Road,28.46957,77.10601,sedan,0,10,4.1,0,23,
U01634,2024-11-28,west,Palam Vihar,28.52554,77.03317,hatchback,0,6,4.33,0,73,
U01635,2024-05-13,north,Udyog Vihar,28.52389,77.07287,suv,1,29,3.34,2,25,0
U01636,2025-11-23,north,Udyog Vihar,28.49713,77.08818,suv,0,8,4.38,0,45,
U01637,2025-11-26,west,Sector 14,28.46013,77.02843,sedan,0,7,3.86,0,63,
U01638,2025-12-01,north,Udyog Vihar,28.49293,77.07845,hatchback,1,35,3.2,2,67,1
U01639,2025-03-25,north,DLF Phase 3,28.49513,77.07895,hatchback,0,8,4.12,0,96,
U01640,2025-10-10,west,Palam Vihar,28.53017,77.03801,suv,0,4,3.25,0,54,
U01641,2025-10-14,north,Cyber Hub,28.49512,77.08107,suv,0,11,3.27,1,20,
U01642,2025-06-23,east,Sector 56,28.41954,77.10426,suv,0,10,4.1,0,32,
U01643,2024-09-09,south,Sohna Road,28.40584,77.03516,sedan,0,13,3.62,0,3,
U01644,2024-09-29,north,DLF Phase 3,28.49859,77.10497,sedan,1,19,4.42,0,92,0
U01645,2024-07-18,east,Sector 56,28.42179,77.11562,hatchback,0,13,3.23,1,25,
U01646,2025-10-27,east,Sector 56,28.44779,77.09522,hatchback,1,33,4.52,0,2,0
U01647,2025-10-27,north,Cyber Hub,28.50847,77.0847,hatchback,0,9,3.56,0,27,
U01648,2025-04-11,west,Palam Vihar,28.50521,77.02031,hatchback,1,33,3.67,0,0,0
U01649,2025-01-19,west,Palam Vihar,28.52056,77.05065,sedan,0,5,3.2,0,145,
U01650,2024-12-06,east,Sector 56,28.41937,77.10015,suv,0,9,3.67,0,7,
U01651,2024-04-23,north,Cyber Hub,28.50092,77.07415,sedan,0,11,4.45,0,4,
U01652,2024-06-27,south,Manesar,28.36542,76.9294,hatchback,1,26,3.5,2,4,0
U01653,2025-01-26,west,Sector 14,28.49923,77.04012,sedan,1,32,4.06,0,8,0
U01654,2024-06-30,north,Udyog Vihar,28.48854,77.08302,suv,1,29,4.28,0,60,0
U01655,2025-09-25,north,Cyber Hub,28.50804,77.08763,hatchback,0,3,3.33,0,3,
U01656,2024-09-10,north,Cyber Hub,28.51247,77.09888,suv,0,8,3.88,0,20,
U01657,2024-09-28,west,Sector 14,28.47767,77.02776,hatchback,1,21,4.38,0,58,1
U01658,2024-03-15,north,Udyog Vihar,28.51168,77.07674,suv,0,9,3.56,0,112,
U01659,2025-08-20,west,New Gurgaon,28.39897,76.97644,sedan,0,9,3.22,1,210,
U01660,2025-06-05,south,Manesar,28.33484,76.92807,sedan,0,7,3.43,1,63,
U01661,2025-02-06,west,Palam Vihar,28.51657,77.02901,sedan,1,30,4.17,0,21,0
U01662,2024-10-05,west,New Gurgaon,28.41415,76.97513,hatchback,0,11,3.82,0,83,
U01663,2024-07-25,east,Sector 56,28.41594,77.11407,hatchback,0,12,4.58,0,86,
U01664,2024-12-21,north,Cyber Hub,28.48133,77.11404,suv,1,40,3.83,0,49,0
U01665,2025-08-16,south,Sohna Road,28.4094,77.03124,sedan,1,30,3.6,0,2,0
U01666,2024-04-06,north,Golf Course Road,28.45944,77.10958,sedan,0,1,5.0,0,150,
U01667,2025-11-28,north,Golf Course Road,28.45541,77.08605,suv,0,11,4.0,0,81,
U01668,2024-07-28,east,Sector 56,28.41946,77.1159,hatchback,0,7,3.43,0,71,
U01669,2024-02-09,north,Cyber Hub,28.49802,77.09829,sedan,1,27,3.81,0,32,0
U01670,2025-02-15,south,Sohna Road,28.39869,77.03769,hatchback,1,26,4.35,0,74,0
U01671,2025-08-28,west,Sector 14,28.45959,77.02211,hatchback,0,10,4.2,0,12,
U01672,2025-10-17,north,Cyber Hub,28.50951,77.09749,hatchback,0,6,4.5,0,74,
U01673,2025-06-19,south,Manesar,28.36361,76.936,suv,0,10,4.2,0,36,
U01674,2024-02-10,south,Sohna Road,28.39889,77.033,sedan,0,8,3.5,0,101,
U01675,2024-10-03,north,Udyog Vihar,28.51301,77.07919,sedan,0,7,3.43,0,115,
U01676,2025-08-29,north,Cyber Hub,28.48503,77.08969,hatchback,1,24,4.46,0,2,0
U01677,2025-02-10,north,Cyber Hub,28.50505,77.08838,sedan,0,9,3.67,0,155,
U01678,2024-03-07,west,New Gurgaon,28.41575,76.96552,suv,0,5,2.8,1,29,
U01679,2024-02-04,west,Palam Vihar,28.50747,77.01589,suv,0,9,4.11,0,44,
U01680,2024-06-26,north,Udyog Vihar,28.49056,77.0731,sedan,0,12,4.08,0,2,
U01681,2024-05-22,north,Cyber Hub,28.4963,77.10134,hatchback,0,4,4.25,0,228,
U01682,2024-04-19,east,Sector 56,28.41658,77.09143,suv,1,26,4.69,0,0,0
U01683,2025-07-10,north,Cyber Hub,28.49725,77.10266,sedan,0,10,3.6,0,13,
U01684,2025-10-29,south,Manesar,28.35346,76.92981,hatchback,0,7,2.86,2,205,
U01685,2024-09-15,west,Palam Vihar,28.52416,77.04442,hatchback,0,6,4.0,0,75,
U01686,2025-07-20,east,Sector 56,28.4232,77.10601,sedan,0,8,4.12,0,41,
U01687,2024-07-09,north,Cyber Hub,28.50637,77.0795,sedan,0,10,4.5,0,14,
U01688,2025-10-16,north,Cyber Hub,28.48,77.09314,suv,0,9,3.44,1,20,
U01689,2025-04-08,west,New Gurgaon,28.42866,76.97993,hatchback,1,27,3.3,4,2,1
U01690,2025-06-20,west,New Gurgaon,28.41779,76.95829,hatchback,0,9,3.33,1,90,
U01691,2025-02-13,east,Sector 56,28.41457,77.11018,sedan,0,9,4.11,0,1,
U01692,2025-05-18,north,Cyber Hub,28.50314,77.10264,sedan,0,8,3.38,0,39,
U01693,2025-08-20,east,Sector 56,28.4103,77.08979,suv,1,23,3.87,0,18,0
U01694,2024-06-17,south,Sohna Road,28.41278,77.0268,hatchback,1,18,4.17,0,93,0
U01695,2024-01-27,north,Cyber Hub,28.47339,77.0976,sedan,0,7,3.86,0,64,
U01696,2024-08-17,south,Sohna Road,28.42875,77.03512,suv,0,1,5.0,0,451,
U01697,2025-04-30,east,Sector 56,28.42373,77.12876,hatchback,0,12,4.0,0,70,
U01698,2024-09-10,north,Golf Course Road,28.42611,77.07553,suv,1,32,3.34,0,4,1
U01699,2024-10-22,west,Palam Vihar,28.47243,77.04519,hatchback,0,10,4.4,0,72,
U01700,2024-11-04,north,DLF Phase 3,28.49553,77.08712,hatchback,0,11,3.82,0,123,
U01701,2024-06-26,north,Cyber Hub,28.48269,77.0964,sedan,0,8,3.12,0,58,
U01702,2024-05-22,south,Manesar,28.37309,76.93947,suv,1,32,3.59,1,4,0
U01703,2024-08-22,north,Cyber Hub,28.50791,77.07823,suv,0,7,4.86,0,171,
U01704,2024-04-06,north,Golf Course Road,28.43244,77.10329,sedan,0,11,4.09,0,40,
U01705,2025-11-02,north,Golf Course Road,28.43194,77.09079,sedan,0,12,3.25,1,16,
U01706,2025-05-14,north,DLF Phase 3,28.47596,77.09655,sedan,0,9,4.11,0,22,
U01707,2024-09-27,west,Palam Vihar,28.48401,77.03726,suv,0,11,3.91,0,18,
U01708,2024-10-03,north,Cyber Hub,28.50923,77.11166,sedan,0,4,3.75,0,3,
U01709,2025-10-03,north,Udyog Vihar,28.53082,77.08095,sedan,0,3,3.67,0,177,
U01710,2025-03-03,south,Manesar,28.36894,76.92233,hatchback,1,17,3.41,0,1,0
U01711,2025-09-26,north,DLF Phase 3,28.4763,77.09704,hatchback,0,11,4.18,0,167,
U01712,2024-09-13,north,Cyber Hub,28.5129,77.06878,sedan,0,7,4.43,0,207,
U01713,2024-02-10,south,Sohna Road,28.42886,77.06023,suv,0,9,3.78,0,71,
U01714,2025-04-25,west,Sector 14,28.45827,77.02754,suv,0,5,3.6,0,77,
U01715,2025-06-05,north,Udyog Vihar,28.49898,77.08388,sedan,0,12,3.75,0,14,
U01716,2024-11-03,north,Cyber Hub,28.49849,77.09745,sedan,1,19,4.16,0,10,0
U01717,2024-07-05,south,Manesar,28.35266,76.94948,sedan,1,19,3.32,1,7,1
U01718,2024-10-03,west,Palam Vihar,28.51816,77.04475,suv,1,29,4.1,0,25,0
U01719,2025-06-05,south,Sohna Road,28.42034,77.02244,suv,0,7,3.86,0,256,
U01720,2025-03-09,south,Manesar,28.35046,76.93361,hatchback,1,27,3.07,5,59,1
U01721,2025-03-25,east,Sector 56,28.43472,77.10595,suv,0,12,3.5,0,80,
U01722,2024-06-26,north,Golf Course Road,28.41563,77.12147,hatchback,1,25,4.48,0,1,0
U01723,2024-10-04,north,Udyog Vihar,28.48802,77.09515,suv,0,8,4.12,0,13,
U01724,2024-11-19,north,Udyog Vihar,28.50498,77.0843,hatchback,0,7,3.71,0,83,
U01725,2024-10-08,south,Sohna Road,28.39563,77.03047,sedan,0,9,3.78,0,75,
U01726,2024-08-30,north,Golf Course Road,28.46196,77.08508,hatchback,0,17,3.59,2,44,
U01727,2024-12-16,west,Sector 14,28.48649,77.01691,suv,0,11,4.36,0,12,
U01728,2024-01-18,north,Cyber Hub,28.49642,77.07986,hatchback,1,28,3.18,4,61,1
U01729,2024-05-03,north,Udyog Vihar,28.49132,77.09433,hatchback,1,22,4.27,0,12,0
U01730,2024-01-21,north,Cyber Hub,28.49867,77.08869,sedan,1,37,3.54,1,7,1
U01731,2024-12-02,north,Cyber Hub,28.48873,77.08904,hatchback,1,24,4.29,0,13,0
U01732,2024-03-16,west,Sector 14,28.48658,77.0317,sedan,0,5,4.2,0,224,
U01733,2024-10-11,north,Golf Course Road,28.45082,77.11452,sedan,0,10,4.3,0,25,
U01734,2025-05-12,north,Cyber Hub,28.47926,77.07607,hatchback,0,4,4.0,0,191,
U01735,2025-11-12,north,Golf Course Road,28.44769,77.09524,hatchback,1,26,3.73,0,44,0
U01736,2024-01-09,north,Cyber Hub,28.49963,77.08884,sedan,1,30,3.7,1,40,0
U01737,2025-06-08,south,Manesar,28.36843,76.95021,hatchback,0,10,2.7,3,1,
U01738,2024-06-29,west,Palam Vihar,28.50694,77.03404,hatchback,0,10,4.1,0,60,
U01739,2025-06-12,west,Palam Vihar,28.5149,77.03219,hatchback,0,8,4.25,0,23,
U01740,2025-09-10,south,Sohna Road,28.4175,77.0421,sedan,1,24,3.33,1,3,0
U01741,2025-02-01,north,Golf Course Road,28.44979,77.07778,hatchback,0,11,4.36,0,68,
U01742,2024-03-13,south,Sohna Road,28.38295,77.03716,sedan,0,6,4.5,0,126,
U01743,2024-12-15,north,Cyber Hub,28.48146,77.06596,hatchback,1,27,3.67,0,4,0
U01744,2024-01-31,south,Manesar,28.36482,76.9236,suv,1,32,3.97,0,4,0
U01745,2024-06-06,west,Palam Vihar,28.52034,77.03295,sedan,0,12,4.5,0,72,
U01746,2025-03-02,east,Sector 56,28.41846,77.08927,sedan,1,26,4.38,0,52,0
U01747,2024-08-28,north,Cyber Hub,28.48208,77.10178,sedan,0,6,3.67,0,43,
U01748,2025-06-13,north,Udyog Vihar,28.48949,77.08916,hatchback,0,8,4.25,0,84,
U01749,2025-02-04,south,Manesar,28.34198,76.9145,sedan,1,24,2.46,13,6,1
U01750,2024-10-10,west,Palam Vihar,28.50562,77.03129,sedan,0,6,3.83,0,25,
U01751,2025-01-16,south,Sohna Road,28.40533,77.04407,suv,0,14,4.57,0,8,
U01752,2024-08-04,west,Sector 14,28.48469,77.03263,suv,0,9,3.67,0,89,
U01753,2024-03-19,west,New Gurgaon,28.41121,76.97634,sedan,0,9,4.0,0,82,
U01754,2024-07-27,west,Palam Vihar,28.4969,77.0451,hatchback,1,22,4.36,0,18,0
U01755,2024-05-19,west,New Gurgaon,28.40136,76.96815,sedan,1,20,2.85,6,23,1
U01756,2024-11-25,north,Cyber Hub,28.49722,77.08437,hatchback,0,9,4.11,0,19,
U01757,2024-03-28,north,Cyber Hub,28.48718,77.09884,hatchback,0,8,3.38,0,177,
U01758,2025-06-09,north,Cyber Hub,28.48339,77.05882,sedan,0,10,3.5,0,38,
U01759,2024-03-18,west,New Gurgaon,28.41056,76.98459,sedan,1,28,3.36,2,11,0
U01760,2024-06-08,north,Cyber Hub,28.48612,77.09478,hatchback,0,8,3.88,0,127,
U01761,2024-08-02,west,Palam Vihar,28.50398,77.02077,sedan,0,5,3.6,0,53,
U01762,2025-06-26,north,DLF Phase 3,28.49334,77.09301,suv,1,32,3.81,0,16,0
U01763,2024-03-04,west,Sector 14,28.47292,77.01922,sedan,0,16,3.12,0,37,
U01764,2025-07-14,north,Golf Course Road,28.41807,77.08478,suv,0,9,4.0,0,98,
U01765,2024-05-18,north,Cyber Hub,28.46945,77.08771,suv,0,5,3.6,1,215,
U01766,2024-03-20,north,Cyber Hub,28.49672,77.0761,sedan,0,7,3.57,0,40,
U01767,2024-01-02,north,Udyog Vihar,28.49294,77.07893,sedan,0,11,4.45,0,11,
U01768,2024-07-08,south,Manesar,28.37494,76.93412,suv,1,23,3.0,4,60,0
U01769,2024-08-20,north,Udyog Vihar,28.49351,77.06635,hatchback,1,38,4.42,0,39,0
U01770,2024-07-03,north,DLF Phase 3,28.5022,77.10937,sedan,0,8,4.12,0,88,
U01771,2024-02-20,north,Udyog Vihar,28.48259,77.07713,sedan,0,8,4.12,0,29,
U01772,2024-12-08,south,Sohna Road,28.39903,77.03848,hatchback,1,29,4.28,0,22,1
U01773,2025-07-29,north,DLF Phase 3,28.48661,77.11744,suv,0,13,4.23,1,14,
U01774,2024-10-27,north,Golf Course Road,28.45068,77.09722,hatchback,0,6,3.5,0,418,
U01775,2024-05-21,north,Udyog Vihar,28.50476,77.07489,sedan,0,6,3.83,0,102,
U01776,2024-03-18,north,Golf Course Road,28.4172,77.09901,sedan,0,9,3.67,0,129,
U01777,2024-03-12,north,DLF Phase 3,28.49834,77.09177,hatchback,0,5,4.0,0,124,
U01778,2025-08-18,north,DLF Phase 3,28.49893,77.087,sedan,1,18,3.5,0,39,0
U01779,2025-04-07,west,Palam Vihar,28.50982,77.03438,suv,0,6,3.5,0,14,
U01780,2024-11-29,north,Cyber Hub,28.48304,77.10184,suv,1,20,4.6,0,9,0
U01781,2024-07-29,west,Palam Vihar,28.51823,77.03014,hatchback,0,8,3.5,1,32,
U01782,2024-11-20,west,Sector 14,28.46698,77.03528,sedan,0,6,3.33,0,15,
U01783,2024-08-17,west,Sector 14,28.47219,77.0136,suv,0,7,4.43,0,4,
U01784,2025-01-18,north,Udyog Vihar,28.51712,77.07935,sedan,1,26,4.19,0,90,1
U01785,2025-06-20,north,Udyog Vihar,28.51745,77.0705,hatchback,1,27,4.04,0,46,0
U01786,2025-06-11,north,Cyber Hub,28.51022,77.11384,sedan,0,3,3.33,0,157,
U01787,2024-09-06,north,DLF Phase 3,28.47842,77.08837,sedan,0,6,4.17,0,46,
U01788,2025-01-24,north,DLF Phase 3,28.50356,77.09032,suv,0,7,3.57,0,221,
U01789,2024-02-26,south,Sohna Road,28.39343,77.0415,sedan,1,35,4.34,0,45,0
U01790,2024-04-26,south,Manesar,28.33052,76.92606,suv,0,8,3.75,0,60,
U01791,2025-06-30,north,Udyog Vihar,28.48318,77.078,hatchback,0,7,4.0,0,233,
U01792,2024-07-24,north,Udyog Vihar,28.50918,77.07718,sedan,0,10,4.4,0,130,
U01793,2025-07-06,west,Sector 14,28.45655,77.01053,suv,1,30,3.17,0,39,1
U01794,2024-02-14,north,Golf Course Road,28.44466,77.11136,sedan,0,3,4.0,0,129,
U01795,2024-05-24,west,Sector 14,28.44978,77.04226,sedan,0,6,4.33,0,33,
U01796,2025-07-10,north,Cyber Hub,28.49537,77.09963,hatchback,1,27,3.48,0,17,0
U01797,2025-05-08,west,New Gurgaon,28.41452,76.97726,sedan,0,5,3.0,1,25,
U01798,2025-07-12,north,Udyog Vihar,28.48644,77.08724,suv,0,10,3.7,0,89,
U01799,2025-07-22,north,Cyber Hub,28.49656,77.09533,hatchback,1,24,4.29,0,16,0
U01800,2024-10-21,west,Sector 14,28.47788,77.03596,hatchback,0,6,4.17,0,8,
U01801,2024-01-16,north,DLF Phase 3,28.46821,77.10066,suv,1,23,4.17,0,4,0
U01802,2024-03-06,south,Sohna Road,28.4126,77.02228,hatchback,0,7,4.43,0,6,
U01803,2025-05-29,west,Palam Vihar,28.51688,77.01975,sedan,1,24,3.75,0,35,0
U01804,2025-07-19,south,Sohna Road,28.39759,77.04068,hatchback,0,12,3.67,0,88,
U01805,2025-11-04,north,Golf Course Road,28.44543,77.09226,sedan,1,18,4.17,0,81,0
U01806,2025-08-14,north,Cyber Hub,28.4717,77.09891,suv,0,9,3.67,0,11,
U01807,2024-11-07,north,Golf Course Road,28.4328,77.08413,hatchback,0,8,3.75,0,95,
U01808,2025-06-07,east,Sector 56,28.43331,77.08639,hatchback,1,36,3.56,0,18,0
U01809,2025-02-27,north,DLF Phase 3,28.50364,77.07959,sedan,1,35,3.2,3,2,0
U01810,2024-03-03,west,Palam Vihar,28.53313,77.02499,hatchback,0,9,4.0,0,169,
U01811,2025-04-26,north,Golf Course Road,28.44591,77.09526,suv,1,27,3.59,1,0,0
U01812,2025-10-03,north,Golf Course Road,28.44711,77.10453,hatchback,0,6,3.5,0,154,
U01813,2025-05-30,north,DLF Phase 3,28.48323,77.10653,hatchback,1,20,3.45,0,9,0
U01814,2024-10-31,north,Golf Course Road,28.45622,77.1249,sedan,0,6,3.5,0,63,
U01815,2024-10-30,north,Cyber Hub,28.48912,77.06259,hatchback,0,12,4.17,0,72,
U01816,2024-12-06,south,Sohna Road,28.3911,77.01878,suv,1,32,4.22,0,4,1
U01817,2024-07-02,north,Cyber Hub,28.49167,77.11137,hatchback,0,9,4.0,0,89,
U01818,2025-02-13,west,Palam Vihar,28.51256,77.04036,hatchback,0,5,4.4,0,72,
U01819,2024-11-16,north,Udyog Vihar,28.51224,77.07982,sedan,0,7,3.29,0,60,
U01820,2025-11-01,east,Sector 56,28.42482,77.10115,hatchback,0,7,3.43,0,9,
U01821,2024-03-16,south,Manesar,28.35507,76.93808,suv,0,9,3.22,1,104,
U01822,2025-02-16,west,Palam Vihar,28.50013,77.03069,sedan,0,6,3.0,2,113,
U01823,2024-01-22,north,DLF Phase 3,28.50233,77.11829,sedan,0,8,3.25,0,3,
U01824,2025-02-13,west,Palam Vihar,28.51415,77.03931,hatchback,1,33,4.39,0,41,0
U01825,2025-10-02,north,Golf Course Road,28.42207,77.09558,hatchback,1,33,3.21,2,1,0
U01826,2024-06-21,north,DLF Phase 3,28.47663,77.09759,suv,0,9,3.44,0,223,
U01827,2024-01-29,west,Palam Vihar,28.51155,77.04749,sedan,1,32,4.53,0,11,0
U01828,2024-03-08,west,Palam Vihar,28.50292,77.06472,hatchback,0,6,4.17,0,94,
U01829,2024-02-26,north,Golf Course Road,28.44405,77.10672,suv,0,7,4.14,0,8,
U01830,2025-01-21,north,Golf Course Road,28.43108,77.1048,hatchback,0,10,3.4,0,35,
U01831,2024-09-10,south,Sohna Road,28.41397,77.03891,sedan,0,7,4.14,0,24,
U01832,2025-08-21,north,Golf Course Road,28.45653,77.10409,sedan,1,29,4.14,0,2,0
U01833,2024-06-20,west,Palam Vihar,28.52449,77.0492,suv,0,13,4.08,0,17,
U01834,2025-06-28,south,Sohna Road,28.42071,77.03146,sedan,0,4,4.25,0,411,
U01835,2025-09-07,south,Sohna Road,28.41131,77.03911,hatchback,0,3,3.67,0,61,
U01836,2025-04-28,north,Cyber Hub,28.48626,77.08135,sedan,1,25,4.44,0,7,0
U01837,2024-03-05,north,DLF Phase 3,28.49784,77.10909,sedan,1,31,3.45,2,26,0
U01838,2024-03-19,west,Sector 14,28.44679,77.03648,hatchback,0,7,3.0,0,32,
U01839,2024-03-23,east,Sector 56,28.40292,77.10322,suv,0,10,4.5,0,31,
U01840,2024-12-31,north,DLF Phase 3,28.48592,77.10293,suv,0,11,3.73,0,115,
U01841,2025-02-05,north,Golf Course Road,28.44834,77.11058,hatchback,0,12,4.25,0,47,
U01842,2024-11-21,south,Sohna Road,28.39728,77.04321,hatchback,0,9,3.44,0,53,
U01843,2024-12-23,west,Sector 14,28.45875,77.02438,hatchback,0,8,3.5,0,31,
U01844,2025-06-23,south,Sohna Road,28.41034,77.0452,sedan,1,35,3.83,0,3,0
U01845,2024-09-21,west,Palam Vihar,28.50098,77.01588,suv,1,33,3.61,0,23,0
U01846,2025-03-16,north,DLF Phase 3,28.49485,77.09965,suv,1,35,3.26,2,11,0
U01847,2024-02-13,north,DLF Phase 3,28.49615,77.10449,hatchback,0,12,2.83,4,17,
U01848,2025-11-22,west,Sector 14,28.46366,77.02941,hatchback,0,5,3.6,0,68,
U01849,2024-05-04,west,Palam Vihar,28.51105,77.04219,suv,0,11,3.73,0,22,
U01850,2025-09-04,north,DLF Phase 3,28.47338,77.10387,suv,0,7,4.29,0,46,
U01851,2024-07-21,south,Manesar,28.35405,76.94358,hatchback,0,13,2.92,2,26,
U01852,2024-04-03,north,Golf Course Road,28.44487,77.11465,suv,0,8,4.25,0,47,
U01853,2025-06-23,north,Cyber Hub,28.49936,77.08307,hatchback,0,10,4.0,0,94,
U01854,2024-09-21,north,Golf Course Road,28.44682,77.10962,hatchback,0,6,4.33,0,55,
U01855,2025-11-06,west,Palam Vihar,28.50346,77.04173,sedan,0,11,3.45,0,44,
U01856,2024-07-09,east,Sector 56,28.40178,77.1118,suv,0,4,3.5,0,73,
U01857,2025-03-12,west,Sector 14,28.47353,77.02851,hatchback,0,10,4.9,0,122,
U01858,2025-04-30,north,Udyog Vihar,28.49069,77.10621,sedan,0,7,3.71,0,12,
U01859,2024-06-06,north,Cyber Hub,28.48798,77.0858,suv,0,6,3.83,0,195,
U01860,2025-02-27,west,New Gurgaon,28.42264,76.96641,suv,0,12,3.67,0,6,
U01861,2024-01-06,north,Cyber Hub,28.48206,77.09798,hatchback,0,14,3.57,0,0,
U01862,2025-03-24,south,Sohna Road,28.41102,77.0169,suv,1,17,4.59,0,36,0
U01863,2025-01-08,north,Udyog Vihar,28.50336,77.07478,sedan,0,9,4.0,0,94,
U01864,2025-05-11,north,Udyog Vihar,28.50219,77.10358,suv,0,6,3.83,0,10,
U01865,2024-04-21,north,DLF Phase 3,28.50691,77.09585,suv,0,13,3.62,0,5,
U01866,2024-10-21,north,Cyber Hub,28.50015,77.10641,suv,1,25,4.08,0,97,1
U01867,2024-06-09,south,Sohna Road,28.39811,77.0389,sedan,0,7,3.14,0,128,
U01868,2025-01-15,south,Manesar,28.34062,76.93745,hatchback,0,5,3.0,2,4,
U01869,2024-04-04,north,Udyog Vihar,28.50806,77.08704,hatchback,0,3,3.33,0,206,
U01870,2024-07-22,north,Golf Course Road,28.44022,77.10943,hatchback,0,5,3.2,1,113,
U01871,2025-04-08,north,Cyber Hub,28.4922,77.09456,suv,1,28,3.96,0,74,1
U01872,2025-05-15,north,Golf Course Road,28.41696,77.10871,hatchback,0,7,4.14,0,97,
U01873,2025-07-01,north,Golf Course Road,28.42954,77.06333,hatchback,1,27,4.3,0,31,1
U01874,2024-10-14,west,Palam Vihar,28.50832,77.04787,suv,1,16,4.31,0,11,0
U01875,2024-05-25,north,Cyber Hub,28.48994,77.11064,hatchback,0,6,4.17,0,186,
U01876,2024-08-31,north,Cyber Hub,28.50776,77.08258,hatchback,0,8,3.62,0,108,
U01877,2025-09-30,east,Sector 56,28.42857,77.10916,sedan,1,21,4.24,0,0,0
U01878,2024-07-21,south,Manesar,28.34962,76.91754,suv,0,13,2.85,3,61,
U01879,2025-02-19,west,New Gurgaon,28.4264,76.99827,hatchback,1,25,3.8,0,25,0
U01880,2024-07-09,west,New Gurgaon,28.42469,76.97771,hatchback,1,21,3.24,2,3,0
U01881,2025-05-04,north,Golf Course Road,28.41913,77.10902,hatchback,0,11,3.55,0,31,
U01882,2024-10-31,south,Manesar,28.35782,76.94541,hatchback,1,41,3.71,0,10,0
U01883,2024-03-28,north,Cyber Hub,28.5048,77.07979,suv,0,10,3.5,0,74,
U01884,2024-12-10,west,Sector 14,28.46014,77.01298,sedan,0,9,4.0,0,20,
U01885,2025-08-17,north,Cyber Hub,28.51567,77.11245,hatchback,1,22,3.59,1,20,0
U01886,2025-09-23,west,Sector 14,28.49563,77.00817,sedan,1,32,3.75,0,39,0
U01887,2025-03-31,north,Golf Course Road,28.4255,77.10031,sedan,1,29,3.72,0,53,0
U01888,2024-09-29,west,Sector 14,28.46982,77.04662,sedan,0,11,4.36,0,10,
U01889,2024-02-20,west,Sector 14,28.46259,77.06184,sedan,1,28,3.96,0,6,0
U01890,2024-03-24,south,Manesar,28.35683,76.94881,hatchback,0,6,3.5,0,113,
U01891,2025-08-31,south,Sohna Road,28.43564,77.01982,suv,0,13,4.38,0,24,
U01892,2024-09-21,south,Sohna Road,28.41716,77.02073,hatchback,0,10,3.5,0,36,
U01893,2024-11-21,north,DLF Phase 3,28.4913,77.10286,sedan,0,3,3.67,0,101,
U01894,2025-02-25,west,New Gurgaon,28.42385,76.9863,hatchback,0,9,4.0,0,205,
U01895,2025-01-03,east,Sector 56,28.41341,77.09888,hatchback,1,22,4.45,0,45,1
U01896,2025-01-30,east,Sector 56,28.41553,77.11204,sedan,0,8,4.0,0,116,
U01897,2025-09-14,south,Manesar,28.3502,76.92025,sedan,0,4,3.5,0,38,
U01898,2024-02-15,north,Cyber Hub,28.49886,77.09549,hatchback,0,9,4.44,0,101,
U01899,2024-01-09,north,Cyber Hub,28.49613,77.08066,suv,0,3,3.33,1,230,
U01900,2024-05-05,north,Udyog Vihar,28.50823,77.10454,sedan,1,31,4.45,0,13,0
U01901,2025-03-07,east,Sector 56,28.43547,77.11672,sedan,0,7,3.86,0,53,
U01902,2025-05-18,east,Sector 56,28.41533,77.11311,sedan,1,36,3.58,1,3,0
U01903,2024-08-14,west,New Gurgaon,28.4104,76.99287,sedan,0,9,4.22,0,25,
U01904,2024-08-19,west,Palam Vihar,28.49528,77.04218,sedan,0,8,4.25,0,58,
U01905,2024-11-20,north,Golf Course Road,28.44711,77.10572,hatchback,0,11,3.82,0,70,
U01906,2025-04-24,north,Udyog Vihar,28.51215,77.06878,sedan,0,12,3.92,0,47,
U01907,2024-08-24,north,Cyber Hub,28.47666,77.07605,suv,1,32,4.53,0,38,0
U01908,2024-05-18,north,Golf Course Road,28.42657,77.11139,hatchback,1,30,3.77,0,9,0
U01909,2024-08-14,east,Sector 56,28.43637,77.09142,sedan,0,9,4.0,0,164,
U01910,2024-07-14,west,Palam Vihar,28.50533,77.04038,sedan,1,32,4.31,0,5,0
U01911,2024-09-08,east,Sector 56,28.43326,77.10284,suv,1,34,3.47,0,8,0
U01912,2024-12-09,north,Udyog Vihar,28.50266,77.08699,hatchback,0,10,4.2,0,20,
U01913,2025-07-16,west,Sector 14,28.48154,77.02005,suv,0,6,4.0,0,6,
U01914,2024-04-09,north,Cyber Hub,28.51652,77.08545,suv,1,31,4.16,0,3,0
U01915,2024-08-21,west,Palam Vihar,28.50989,77.02452,hatchback,0,7,3.57,0,106,
U01916,2025-08-31,west,New Gurgaon,28.43448,76.97837,sedan,0,7,4.14,0,78,
U01917,2024-12-23,north,DLF Phase 3,28.48509,77.12783,suv,0,5,4.0,0,25,
U01918,2024-05-11,west,Sector 14,28.47624,77.02967,suv,0,6,4.5,0,10,
U01919,2025-11-22,north,Golf Course Road,28.43787,77.10087,sedan,1,20,4.75,0,11,0
U01920,2025-04-05,north,Udyog Vihar,28.49645,77.08833,hatchback,0,9,3.67,0,51,
U01921,2024-03-16,north,Udyog Vihar,28.51216,77.07581,suv,0,6,4.33,0,51,
U01922,2024-12-09,south,Sohna Road,28.39346,77.03334,hatchback,0,10,3.7,0,12,
U01923,2024-11-23,west,New Gurgaon,28.41934,76.97709,hatchback,1,27,3.89,1,49,0
U01924,2024-06-25,north,Udyog Vihar,28.51129,77.07927,hatchback,0,5,4.0,0,33,
U01925,2024-08-12,south,Sohna Road,28.38982,77.02,sedan,0,15,4.0,0,101,
U01926,2025-02-04,north,Cyber Hub,28.47429,77.09495,suv,0,11,4.36,0,49,
U01927,2024-08-16,north,Cyber Hub,28.48399,77.09307,hatchback,1,37,4.65,0,2,0
U01928,2024-04-08,west,Palam Vihar,28.51321,77.02941,sedan,0,7,4.43,0,85,
U01929,2025-04-29,west,Sector 14,28.47453,77.02642,sedan,0,8,3.5,0,4,
U01930,2025-09-18,west,Sector 14,28.48098,77.02385,suv,0,8,3.25,0,102,
U01931,2024-09-25,south,Sohna Road,28.39414,77.0424,sedan,0,10,4.0,0,1,
U01932,2024-09-27,west,Sector 14,28.45138,77.02584,suv,0,11,4.36,0,39,
U01933,2024-10-17,north,Cyber Hub,28.49182,77.10867,suv,1,24,3.17,4,2,1
U01934,2024-09-10,north,Golf Course Road,28.45301,77.09966,suv,0,6,3.17,0,52,
U01935,2024-12-16,west,Sector 14,28.4704,77.04749,hatchback,1,36,4.11,0,2,0
U01936,2025-10-28,west,Palam Vihar,28.50577,77.04309,sedan,0,6,4.0,0,178,
U01937,2025-05-16,north,Cyber Hub,28.48543,77.07759,suv,1,39,4.18,0,71,0
U01938,2024-02-19,north,Golf Course Road,28.43028,77.10024,sedan,1,30,4.3,0,6,0
U01939,2024-09-12,north,Udyog Vihar,28.4765,77.07618,hatchback,0,5,3.8,0,20,
U01940,2024-10-30,west,Palam Vihar,28.47929,77.0295,sedan,0,9,3.44,1,82,
U01941,2024-10-17,west,New Gurgaon,28.41414,76.96251,hatchback,0,8,3.38,0,96,
U01942,2024-07-14,north,Cyber Hub,28.49839,77.0838,hatchback,0,11,4.18,0,70,
U01943,2025-10-22,north,Golf Course Road,28.43327,77.09686,hatchback,0,4,3.0,1,11,
U01944,2024-06-12,west,Sector 14,28.46402,77.02559,hatchback,0,1,4.0,0,472,
U01945,2025-01-30,north,DLF Phase 3,28.49309,77.07635,hatchback,1,22,4.0,0,3,0
U01946,2025-09-03,south,Sohna Road,28.41828,77.06012,hatchback,0,6,3.5,0,32,
U01947,2024-04-23,north,Udyog Vihar,28.4962,77.08475,sedan,1,26,4.08,0,4,1
U01948,2024-07-09,south,Sohna Road,28.42625,77.0245,hatchback,0,8,3.62,0,17,
U01949,2025-06-14,east,Sector 56,28.41395,77.09158,hatchback,0,2,3.0,0,288,
U01950,2025-11-22,north,Cyber Hub,28.5024,77.09762,suv,0,7,4.0,0,22,
U01951,2024-03-08,north,Cyber Hub,28.49417,77.09885,suv,0,7,4.14,0,164,
U01952,2024-02-24,north,Cyber Hub,28.49817,77.06163,sedan,1,20,3.8,1,10,0
U01953,2024-05-13,south,Sohna Road,28.39726,77.05281,sedan,0,14,3.71,0,1,
U01954,2024-01-17,north,Golf Course Road,28.44017,77.09712,sedan,1,35,3.69,1,103,0
U01955,2024-07-04,west,Palam Vihar,28.52807,77.04457,hatchback,0,9,3.78,0,13,
U01956,2025-07-06,west,Palam Vihar,28.53151,77.01875,suv,1,29,3.59,0,4,0
U01957,2025-08-13,north,Cyber Hub,28.4782,77.08718,hatchback,0,3,4.67,0,51,
U01958,2024-11-13,north,DLF Phase 3,28.49079,77.07814,sedan,0,9,3.89,0,108,
U01959,2024-07-20,north,Udyog Vihar,28.4912,77.08839,hatchback,0,12,3.5,0,78,
U01960,2024-06-18,north,DLF Phase 3,28.48024,77.09238,hatchback,1,30,3.47,1,11,0
U01961,2025-03-20,north,Golf Course Road,28.4559,77.10157,hatchback,0,10,4.1,0,2,
U01962,2025-09-18,north,Udyog Vihar,28.47977,77.09002,hatchback,0,8,3.12,0,54,
U01963,2025-07-13,north,Cyber Hub,28.48664,77.06868,suv,0,15,3.73,1,196,
U01964,2025-12-02,north,Golf Course Road,28.43261,77.12388,suv,0,6,3.83,0,112,
U01965,2024-12-16,north,Cyber Hub,28.50013,77.08723,hatchback,1,18,3.44,0,30,0
U01966,2025-07-28,south,Sohna Road,28.42127,77.05237,sedan,0,5,3.8,0,152,
U01967,2025-12-02,west,Palam Vihar,28.49659,77.02751,sedan,0,9,3.22,0,17,
U01968,2025-07-08,west,Palam Vihar,28.5237,77.03539,hatchback,0,11,3.27,0,1,
U01969,2024-07-16,north,Golf Course Road,28.43909,77.09644,hatchback,0,5,4.4,0,12,
U01970,2024-06-04,west,Sector 14,28.46193,77.04178,hatchback,0,12,4.58,0,60,
U01971,2024-08-31,north,DLF Phase 3,28.49337,77.11952,hatchback,1,30,4.4,0,22,1
U01972,2025-01-03,north,Udyog Vihar,28.49987,77.08196,sedan,0,8,4.12,0,107,
U01973,2025-08-24,west,New Gurgaon,28.41864,76.98317,hatchback,0,8,4.5,0,30,
U01974,2024-11-17,north,DLF Phase 3,28.51115,77.10504,suv,0,8,4.0,0,30,
U01975,2025-11-08,south,Manesar,28.38255,76.92954,suv,1,31,3.55,1,9,0
U01976,2025-11-04,west,Palam Vihar,28.49572,77.01163,hatchback,0,9,3.44,0,133,
U01977,2025-04-29,west,Palam Vihar,28.49505,77.03153,hatchback,1,21,3.81,0,19,0
U01978,2024-12-31,west,New Gurgaon,28.41313,76.96939,sedan,0,6,3.5,0,224,
U01979,2025-08-19,south,Sohna Road,28.40229,77.04343,suv,0,7,4.29,0,15,
U01980,2024-08-14,west,New Gurgaon,28.40676,76.99936,suv,1,25,3.72,0,4,1
U01981,2024-08-28,north,Golf Course Road,28.45131,77.12388,hatchback,1,40,3.5,1,10,0
U01982,2024-06-22,north,Cyber Hub,28.50014,77.08095,sedan,0,9,3.44,0,39,
U01983,2025-09-13,south,Manesar,28.35312,76.94592,suv,1,42,3.33,7,60,1
U01984,2025-04-14,north,DLF Phase 3,28.50126,77.09499,sedan,1,21,4.38,0,10,0
U01985,2025-03-11,north,Cyber Hub,28.5167,77.10413,sedan,1,22,4.5,0,10,0
U01986,2025-06-07,west,Sector 14,28.47202,77.04374,sedan,1,25,3.88,0,63,1
U01987,2025-10-08,north,Udyog Vihar,28.49129,77.08977,sedan,0,9,4.0,0,112,
U01988,2024-07-24,north,DLF Phase 3,28.49384,77.09901,hatchback,0,8,4.0,0,89,
U01989,2024-12-12,north,DLF Phase 3,28.50183,77.09685,hatchback,0,8,3.75,0,243,
U01990,2024-07-16,west,New Gurgaon,28.41184,76.96559,suv,0,6,3.67,0,151,
U01991,2024-02-05,south,Manesar,28.36494,76.93406,sedan,0,6,3.33,1,73,
U01992,2025-08-24,north,DLF Phase 3,28.47856,77.09801,hatchback,0,9,4.0,0,17,
U01993,2024-07-24,west,Sector 14,28.45849,77.02837,sedan,0,14,4.07,0,132,
U01994,2024-03-30,south,Manesar,28.37375,76.93867,hatchback,0,5,2.6,2,251,
U01995,2025-02-01,south,Sohna Road,28.40044,77.04064,hatchback,0,7,4.0,0,21,
U01996,2024-01-24,south,Sohna Road,28.39704,77.05666,suv,1,36,4.28,0,23,0
U01997,2025-01-11,south,Sohna Road,28.43337,77.04202,suv,0,7,4.71,0,18,
U01998,2024-01-07,south,Sohna Road,28.4096,77.05247,hatchback,0,4,4.25,0,234,
U01999,2025-11-22,west,New Gurgaon,28.41171,76.99541,sedan,0,11,4.18,0,47,
U02000,2024-05-27,west,New Gurgaon,28.40031,76.98018,suv,1,27,4.3,0,0,1
U02001,2025-11-20,west,New Gurgaon,28.41379,76.99177,sedan,0,8,3.5,1,41,
U02002,2024-03-29,north,Golf Course Road,28.41941,77.07867,sedan,1,30,3.77,0,13,1
U02003,2024-07-27,north,Udyog Vihar,28.48975,77.08594,hatchback,0,10,3.3,0,67,
U02004,2024-08-08,south,Sohna Road,28.38574,77.04359,suv,1,27,4.7,0,11,0
U02005,2025-07-03,north,Golf Course Road,28.4536,77.11017,hatchback,1,27,4.19,0,64,1
U02006,2025-11-06,east,Sector 56,28.40759,77.08404,suv,0,8,4.0,0,3,
U02007,2024-12-18,south,Sohna Road,28.39962,77.01683,sedan,1,26,4.15,0,46,0
U02008,2025-01-03,north,Cyber Hub,28.49828,77.09259,suv,1,25,3.24,2,2,1
U02009,2024-05-04,west,New Gurgaon,28.43031,76.9687,hatchback,0,7,3.0,2,32,
U02010,2024-12-29,south,Manesar,28.34706,76.9495,sedan,0,8,3.12,1,123,
U02011,2024-12-30,north,Udyog Vihar,28.49733,77.0664,hatchback,1,32,3.84,0,21,0
U02012,2025-03-27,north,Cyber Hub,28.47412,77.08621,hatchback,1,31,3.74,0,18,0
U02013,2024-07-27,north,Udyog Vihar,28.50502,77.07139,sedan,1,32,4.0,0,0,0
U02014,2025-02-25,west,New Gurgaon,28.4116,76.98122,hatchback,0,14,4.0,0,108,
U02015,2025-01-28,west,New Gurgaon,28.43256,76.98228,sedan,0,8,3.75,0,118,
U02016,2024-05-17,north,Cyber Hub,28.50221,77.077,hatchback,1,40,4.33,0,20,1
U02017,2025-10-31,north,Cyber Hub,28.45622,77.0706,hatchback,0,3,4.33,0,163,
U02018,2025-11-09,south,Manesar,28.35401,76.94472,sedan,0,9,3.67,1,172,
U02019,2025-07-30,north,Cyber Hub,28.50747,77.10111,hatchback,0,7,3.43,0,21,
U02020,2024-12-29,north,DLF Phase 3,28.48334,77.08441,suv,0,9,3.67,0,10,
U02021,2024-10-14,north,Golf Course Road,28.43334,77.10814,hatchback,1,33,4.36,0,25,0
U02022,2025-10-09,north,Udyog Vihar,28.49531,77.08982,sedan,0,10,3.5,1,11,
U02023,2025-10-21,north,DLF Phase 3,28.47458,77.11116,hatchback,0,7,3.43,1,201,
U02024,2024-02-12,north,Udyog Vihar,28.5002,77.0859,hatchback,0,7,4.29,0,71,
U02025,2025-02-24,north,Golf Course Road,28.43939,77.10482,sedan,0,3,5.0,0,123,
U02026,2025-08-14,south,Manesar,28.33579,76.94481,suv,0,12,3.5,1,10,
U02027,2025-02-16,north,Cyber Hub,28.49621,77.07267,hatchback,1,27,4.59,0,22,0
U02028,2024-07-07,west,Palam Vihar,28.50608,77.03165,suv,0,9,3.33,0,80,
U02029,2024-03-18,south,Manesar,28.35578,76.94173,sedan,0,8,3.5,0,104,
U02030,2025-07-25,north,DLF Phase 3,28.4937,77.10306,hatchback,0,12,4.42,0,11,
U02031,2024-09-10,west,Palam Vihar,28.50303,77.0485,hatchback,1,20,2.95,2,19,0
U02032,2024-05-15,west,Palam Vihar,28.52975,77.03229,hatchback,1,25,3.48,0,1,0
U02033,2024-02-03,west,New Gurgaon,28.4259,76.97189,sedan,0,5,3.2,0,18,
U02034,2024-06-26,north,Cyber Hub,28.48903,77.11081,suv,0,6,4.17,0,21,
U02035,2025-09-26,east,Sector 56,28.41778,77.11529,suv,1,37,4.22,0,0,0
U02036,2025-11-01,north,Cyber Hub,28.46486,77.08693,sedan,1,21,4.1,0,10,1
U02037,2025-06-21,east,Sector 56,28.42826,77.1095,sedan,1,28,3.46,0,60,0
U02038,2025-06-22,west,Palam Vihar,28.49988,77.0375,sedan,0,12,3.33,1,165,
U02039,2025-08-25,north,Udyog Vihar,28.50475,77.09742,suv,0,7,4.43,0,81,
U02040,2024-03-28,east,Sector 56,28.40422,77.10767,suv,0,7,3.57,0,74,
U02041,2024-09-18,north,Cyber Hub,28.49988,77.08644,sedan,0,8,4.75,0,23,
U02042,2024-10-20,west,New Gurgaon,28.41505,76.96759,hatchback,0,5,4.2,0,63,
U02043,2025-04-23,west,Sector 14,28.47159,77.0286,sedan,0,3,4.0,0,470,
U02044,2024-05-10,north,Udyog Vihar,28.50122,77.06532,hatchback,0,5,4.4,0,4,
U02045,2024-02-29,south,Sohna Road,28.41426,77.02242,hatchback,0,13,4.62,0,67,
U02046,2025-02-23,west,Sector 14,28.4979,77.03792,sedan,0,5,3.4,0,16,
U02047,2024-09-22,west,Palam Vihar,28.52164,77.03834,sedan,1,27,3.19,4,30,0
U02048,2025-05-10,west,Palam Vihar,28.50379,77.04487,suv,1,35,3.66,0,60,0
U02049,2024-07-15,west,Sector 14,28.4881,77.03445,hatchback,1,36,3.81,0,41,0
U02050,2025-02-03,north,Udyog Vihar,28.49439,77.07151,suv,0,9,3.0,0,92,
U02051,2025-09-15,north,Udyog Vihar,28.48638,77.08923,hatchback,1,31,3.81,0,12,0
U02052,2024-08-03,south,Manesar,28.3479,76.92096,hatchback,1,27,3.63,1,30,0
U02053,2025-07-21,south,Sohna Road,28.39782,77.03509,sedan,0,3,4.33,0,12,
U02054,2025-05-24,north,DLF Phase 3,28.50136,77.09003,sedan,1,28,3.93,0,17,0
U02055,2024-01-03,north,Cyber Hub,28.50508,77.08994,suv,1,32,3.94,0,14,0
U02056,2024-04-18,north,Cyber Hub,28.52624,77.08293,suv,1,26,3.96,0,1,0
U02057,2024-01-11,north,Cyber Hub,28.50267,77.08342,sedan,0,8,4.25,0,3,
U02058,2024-02-01,south,Manesar,28.35714,76.93578,hatchback,0,13,3.08,2,35,
U02059,2024-02-05,north,DLF Phase 3,28.49395,77.09893,suv,0,6,3.17,0,97,
U02060,2025-07-16,west,New Gurgaon,28.43919,76.98259,suv,0,9,4.22,0,13,
U02061,2024-04-21,north,Golf Course Road,28.45752,77.09638,sedan,0,6,3.83,0,32,
U02062,2025-03-19,north,Udyog Vihar,28.50274,77.09646,sedan,0,10,4.0,0,6,
U02063,2025-09-13,west,New Gurgaon,28.40526,76.97808,sedan,0,3,4.33,0,74,
U02064,2024-01-13,north,Cyber Hub,28.49667,77.09138,hatchback,1,35,4.09,0,4,0
U02065,2024-03-21,north,DLF Phase 3,28.48972,77.08633,suv,0,10,3.5,0,8,
U02066,2025-08-24,east,Sector 56,28.399,77.09523,suv,0,5,3.4,0,61,
U02067,2024-05-25,north,Golf Course Road,28.44506,77.08647,sedan,0,7,3.71,0,131,
U02068,2025-10-10,west,Palam Vihar,28.52833,77.04544,suv,1,23,4.17,0,19,0
U02069,2024-07-23,north,Cyber Hub,28.49381,77.08529,hatchback,0,3,2.33,2,54,
U02070,2024-12-29,north,Udyog Vihar,28.50567,77.08204,hatchback,1,27,4.04,0,15,0
U02071,2024-06-02,north,DLF Phase 3,28.49521,77.09191,sedan,0,8,4.0,0,81,
U02072,2024-12-17,north,DLF Phase 3,28.50058,77.10536,sedan,1,24,4.0,0,36,0
U02073,2024-06-27,north,DLF Phase 3,28.50849,77.0803,suv,1,28,3.07,3,21,1
U02074,2024-04-17,west,Palam Vihar,28.53251,77.04563,suv,0,9,3.22,1,10,
U02075,2024-11-25,south,Manesar,28.36996,76.93436,sedan,0,7,4.14,0,8,
U02076,2025-05-26,west,Palam Vihar,28.51072,77.04612,sedan,0,2,4.0,0,12,
U02077,2025-07-24,north,Cyber Hub,28.49774,77.07225,suv,1,21,4.33,0,63,1
U02078,2024-09-27,north,Cyber Hub,28.5012,77.08255,sedan,1,17,3.94,0,13,0
U02079,2025-08-15,north,Cyber Hub,28.48753,77.09203,sedan,0,10,3.2,0,74,
U02080,2025-11-12,north,Golf Course Road,28.44108,77.09799,hatchback,1,26,3.77,0,32,0
U02081,2025-08-22,north,DLF Phase 3,28.48897,77.08387,sedan,0,9,4.56,0,46,
U02082,2024-07-04,west,Sector 14,28.46431,77.03022,sedan,0,9,3.67,0,123,
U02083,2025-03-07,east,Sector 56,28.41539,77.08174,sedan,1,22,3.95,0,22,0
U02084,2024-09-11,north,Udyog Vihar,28.50582,77.07086,hatchback,0,9,3.89,0,25,
U02085,2024-02-05,north,Golf Course Road,28.43482,77.08638,sedan,0,5,3.8,0,88,
U02086,2025-08-19,north,Udyog Vihar,28.50553,77.10349,sedan,1,26,4.15,0,86,1
U02087,2025-12-02,north,Golf Course Road,28.42368,77.07465,sedan,0,12,4.17,0,103,
U02088,2025-07-13,north,DLF Phase 3,28.49052,77.09265,sedan,0,3,4.0,0,103,
U02089,2025-04-24,north,Golf Course Road,28.42928,77.09582,hatchback,0,10,4.1,0,24,
U02090,2025-01-21,north,Golf Course Road,28.45905,77.1205,hatchback,0,8,4.5,0,86,
U02091,2024-03-18,north,Golf Course Road,28.4493,77.10584,suv,0,15,4.2,0,54,
U02092,2024-12-08,north,Golf Course Road,28.45513,77.11062,sedan,0,5,4.0,0,2,
U02093,2025-01-21,north,Golf Course Road,28.43036,77.11359,sedan,0,11,3.73,0,5,
U02094,2024-03-19,south,Sohna Road,28.40197,77.05074,hatchback,0,8,3.62,0,4,
U02095,2025-02-18,south,Sohna Road,28.40624,77.03661,sedan,0,9,3.56,0,150,
U02096,2024-12-06,west,Sector 14,28.44756,77.04774,hatchback,0,5,3.6,0,76,
U02097,2024-11-29,west,Palam Vihar,28.50958,77.02192,sedan,0,8,3.12,1,142,
U02098,2024-05-17,north,DLF Phase 3,28.50948,77.0834,hatchback,0,9,3.44,1,68,
U02099,2024-03-04,west,Sector 14,28.47519,77.04287,hatchback,1,38,4.21,0,19,0
U02100,2024-04-20,north,Cyber Hub,28.49077,77.07223,hatchback,1,30,4.37,0,56,0
U02101,2025-07-02,north,DLF Phase 3,28.48307,77.09613,sedan,1,32,3.62,1,11,1
U02102,2024-10-07,north,DLF Phase 3,28.47867,77.07264,hatchback,0,12,4.33,0,157,
U02103,2025-03-04,north,DLF Phase 3,28.50672,77.10313,sedan,1,26,3.62,0,0,0
U02104,2024-02-14,north,Cyber Hub,28.50984,77.1092,hatchback,1,27,3.41,0,25,1
U02105,2024-10-15,south,Manesar,28.34461,76.9371,hatchback,0,4,3.25,0,115,
U02106,2025-06-04,east,Sector 56,28.43826,77.10369,sedan,0,6,3.83,0,35,
U02107,2025-09-16,north,Cyber Hub,28.50622,77.10763,sedan,0,10,3.1,0,4,
U02108,2025-08-04,west,Palam Vihar,28.50248,77.04005,sedan,0,7,3.43,0,60,
U02109,2024-11-22,west,Sector 14,28.47159,77.02726,suv,0,5,4.2,0,301,
U02110,2025-04-21,north,DLF Phase 3,28.49132,77.09042,hatchback,0,11,4.0,0,231,
U02111,2025-07-13,west,Palam Vihar,28.52239,77.01636,hatchback,1,22,4.0,0,25,0
U02112,2025-01-15,north,DLF Phase 3,28.49036,77.09028,sedan,0,10,3.7,0,206,
U02113,2025-10-25,north,Golf Course Road,28.45352,77.11997,suv,0,8,3.0,2,23,
U02114,2024-07-11,west,Palam Vihar,28.50277,77.05252,hatchback,0,6,4.0,0,27,
U02115,2024-09-01,north,DLF Phase 3,28.49259,77.10573,sedan,1,30,4.23,0,43,0
U02116,2024-06-28,west,New Gurgaon,28.44422,76.95929,hatchback,0,10,3.4,1,73,
U02117,2024-09-05,north,DLF Phase 3,28.49561,77.07327,hatchback,1,33,4.42,0,11,0
U02118,2025-11-10,west,Palam Vihar,28.50588,77.04248,suv,0,8,3.62,0,74,
U02119,2024-10-30,north,Udyog Vihar,28.49512,77.10172,suv,0,9,4.11,0,30,
U02120,2024-01-14,north,Golf Course Road,28.42628,77.10198,hatchback,0,9,3.89,0,99,
U02121,2025-03-28,south,Manesar,28.34885,76.94622,sedan,0,12,2.83,3,0,
U02122,2025-05-22,south,Manesar,28.35888,76.92392,suv,1,29,3.45,1,1,0
U02123,2025-06-06,west,Sector 14,28.47784,77.04556,hatchback,0,12,3.33,0,73,
U02124,2025-01-07,east,Sector 56,28.40668,77.09815,hatchback,0,16,3.81,1,25,
U02125,2025-04-30,west,New Gurgaon,28.42399,76.97575,hatchback,0,5,3.4,0,238,
U02126,2025-08-12,south,Sohna Road,28.39937,77.03422,sedan,0,6,3.5,0,3,
U02127,2025-07-23,south,Sohna Road,28.39134,77.04204,sedan,1,29,3.97,0,8,0
U02128,2024-08-10,south,Sohna Road,28.41895,77.03688,sedan,0,9,4.44,0,40,
U02129,2025-08-06,north,Cyber Hub,28.50614,77.0825,suv,0,15,3.93,0,95,
U02130,2024-06-02,south,Manesar,28.33598,76.94058,suv,1,26,4.15,0,53,0
U02131,2025-02-20,south,Sohna Road,28.42948,77.02547,sedan,1,29,4.45,0,5,0
U02132,2024-04-05,west,Palam Vihar,28.47953,77.03331,hatchback,1,28,4.43,0,35,1
U02133,2025-01-26,north,Golf Course Road,28.43881,77.09014,sedan,0,9,4.89,0,79,
U02134,2024-08-30,north,Golf Course Road,28.44606,77.08976,sedan,0,12,4.0,0,31,
U02135,2024-11-04,north,Golf Course Road,28.46788,77.10541,suv,0,12,4.08,0,66,
U02136,2025-09-15,north,Udyog Vihar,28.50913,77.09633,suv,1,27,4.26,0,24,0
U02137,2024-01-13,west,Palam Vihar,28.51454,77.04783,sedan,1,25,4.12,0,76,1
U02138,2025-07-24,west,New Gurgaon,28.41467,76.98142,suv,0,9,3.67,0,50,
U02139,2024-03-02,west,New Gurgaon,28.4125,76.97793,hatchback,0,9,4.67,0,5,
U02140,2025-04-26,north,Cyber Hub,28.49686,77.0853,sedan,0,12,3.5,0,168,
U02141,2025-10-21,north,Cyber Hub,28.48631,77.09253,hatchback,0,11,4.55,0,50,
U02142,2024-12-11,east,Sector 56,28.41186,77.10348,sedan,0,9,3.78,0,59,
U02143,2024-07-02,north,Udyog Vihar,28.51407,77.08302,hatchback,1,31,3.94,0,37,0
U02144,2025-11-21,north,Golf Course Road,28.41788,77.10561,hatchback,0,8,3.0,1,35,
U02145,2025-06-14,west,Sector 14,28.47058,77.04142,sedan,1,36,4.42,0,23,0
U02146,2025-05-02,south,Sohna Road,28.41586,77.05277,hatchback,0,9,3.56,0,5,
U02147,2025-04-06,north,Golf Course Road,28.45521,77.10845,suv,0,4,3.25,0,19,
U02148,2025-09-05,south,Sohna Road,28.4146,77.03137,hatchback,0,7,3.0,0,86,
U02149,2024-03-16,south,Manesar,28.34666,76.93158,sedan,1,24,3.62,0,46,0
U02150,2025-02-11,west,Palam Vihar,28.5017,77.02948,suv,0,6,3.83,0,46,
U02151,2024-08-19,south,Sohna Road,28.40964,77.03531,sedan,0,8,3.62,0,83,
U02152,2024-12-11,west,New Gurgaon,28.42866,76.99745,suv,0,4,4.25,0,104,
U02153,2024-02-11,north,Cyber Hub,28.49843,77.0981,sedan,0,11,3.73,0,87,
U02154,2025-05-21,north,DLF Phase 3,28.49186,77.12807,hatchback,1,33,3.03,6,115,1
U02155,2024-03-13,north,Cyber Hub,28.48658,77.07938,hatchback,1,36,3.58,1,4,0
U02156,2024-02-21,north,Udyog Vihar,28.50531,77.06725,suv,0,9,4.56,0,118,
U02157,2024-07-13,south,Manesar,28.36344,76.93749,hatchback,0,9,2.56,5,124,
U02158,2025-11-26,north,Cyber Hub,28.50258,77.0875,hatchback,0,10,3.7,0,16,
U02159,2024-03-21,north,Golf Course Road,28.43273,77.08924,hatchback,1,32,4.34,0,39,0
U02160,2025-05-05,east,Sector 56,28.41329,77.10351,sedan,1,27,3.78,0,51,0
U02161,2025-01-15,north,DLF Phase 3,28.47716,77.08193,suv,1,29,3.24,2,73,1
U02162,2025-06-02,north,Udyog Vihar,28.48154,77.10026,sedan,0,7,4.71,0,41,
U02163,2024-04-25,west,Palam Vihar,28.49778,77.03192,suv,1,21,3.62,1,54,0
U02164,2025-08-19,north,Cyber Hub,28.48137,77.08367,sedan,0,9,3.56,0,49,
U02165,2025-01-11,east,Sector 56,28.42995,77.09436,sedan,0,6,3.33,0,4,
U02166,2024-07-26,east,Sector 56,28.43688,77.11891,suv,0,6,4.33,0,110,
U02167,2024-10-08,west,New Gurgaon,28.43914,76.98169,sedan,1,25,3.12,5,45,1
U02168,2024-05-09,north,Golf Course Road,28.43399,77.07801,sedan,1,24,4.17,0,10,0
U02169,2024-06-11,south,Sohna Road,28.42117,77.03198,suv,0,7,4.29,0,184,
U02170,2025-08-02,west,Sector 14,28.48205,77.02518,hatchback,0,8,4.25,0,45,
U02171,2024-09-20,south,Sohna Road,28.39969,77.03354,sedan,1,27,4.44,0,3,0
U02172,2025-08-21,south,Manesar,28.33636,76.93986,sedan,0,9,3.33,0,158,
U02173,2024-09-19,north,Cyber Hub,28.49011,77.09151,sedan,1,26,3.35,1,20,0
U02174,2025-01-03,north,DLF Phase 3,28.50819,77.08232,hatchback,1,32,4.12,0,20,1
U02175,2025-05-06,north,Cyber Hub,28.49422,77.10553,sedan,0,9,3.22,1,22,
U02176,2025-07-20,south,Manesar,28.34333,76.94191,sedan,0,10,3.2,1,45,
U02177,2025-01-13,west,New Gurgaon,28.43822,76.99402,suv,0,12,4.33,0,101,
U02178,2024-09-27,north,Cyber Hub,28.50863,77.08006,sedan,1,28,3.79,1,78,1
U02179,2024-07-30,east,Sector 56,28.43016,77.11811,hatchback,1,26,3.92,0,2,0
U02180,2025-10-06,north,DLF Phase 3,28.49272,77.09545,suv,1,29,4.21,0,16,0
U02181,2024-07-07,north,Cyber Hub,28.47599,77.09491,suv,0,9,3.22,2,94,
U02182,2024-02-07,east,Sector 56,28.4403,77.07735,sedan,0,9,3.56,0,83,
U02183,2025-01-11,south,Sohna Road,28.40315,77.02964,sedan,1,29,3.93,0,33,0
U02184,2025-11-16,north,Golf Course Road,28.44052,77.09237,sedan,0,6,4.0,0,213,
U02185,2024-09-01,north,Cyber Hub,28.48866,77.08386,hatchback,0,10,3.5,0,48,
U02186,2024-10-26,west,Palam Vihar,28.50193,77.04487,suv,1,30,3.23,1,0,0
U02187,2025-11-11,south,Sohna Road,28.43703,77.05997,sedan,0,7,4.29,0,121,
U02188,2025-08-09,west,Sector 14,28.49049,77.01899,hatchback,0,7,3.86,0,46,
U02189,2024-11-05,east,Sector 56,28.41449,77.12502,suv,0,7,3.86,0,62,
U02190,2024-02-03,north,Cyber Hub,28.48954,77.09829,suv,1,37,4.11,0,11,0
U02191,2025-09-24,north,Cyber Hub,28.49266,77.07393,hatchback,0,12,3.83,0,97,
U02192,2024-05-11,south,Sohna Road,28.38874,77.03995,hatchback,0,4,4.0,0,45,
U02193,2025-05-05,north,Cyber Hub,28.49583,77.08948,suv,1,32,3.47,2,8,1
U02194,2025-06-04,north,Cyber Hub,28.48521,77.09036,suv,1,31,3.74,0,12,0
U02195,2025-11-26,north,Golf Course Road,28.45844,77.09336,hatchback,1,18,4.28,0,86,1
U02196,2024-10-26,north,DLF Phase 3,28.47933,77.08732,sedan,0,7,4.0,0,69,
U02197,2025-10-26,south,Sohna Road,28.42106,77.05134,hatchback,0,8,3.5,0,11,
U02198,2025-01-07,east,Sector 56,28.406,77.10981,suv,0,7,4.29,0,135,
U02199,2025-05-12,north,Golf Course Road,28.44317,77.07675,sedan,1,29,3.14,2,7,1
U02200,2025-06-16,west,Sector 14,28.48682,77.0279,suv,0,9,4.33,0,103,
U02201,2024-09-23,north,Cyber Hub,28.47115,77.08842,sedan,0,1,4.0,0,405,
U02202,2025-07-24,north,Cyber Hub,28.4989,77.09126,suv,0,8,3.62,0,149,
U02203,2024-08-02,north,Cyber Hub,28.49116,77.10319,sedan,1,24,3.67,0,24,0
U02204,2024-11-14,west,New Gurgaon,28.41467,76.97787,sedan,1,27,3.59,0,8,1
U02205,2025-02-19,south,Sohna Road,28.40766,77.03223,suv,1,21,4.0,0,25,0
U02206,2025-10-28,west,Palam Vihar,28.52229,77.04875,hatchback,1,26,3.35,3,51,1
U02207,2024-02-14,south,Sohna Road,28.4291,77.04002,sedan,1,30,4.1,0,1,0
U02208,2025-03-28,north,DLF Phase 3,28.49115,77.08924,suv,0,16,3.69,1,16,
U02209,2025-09-12,north,Golf Course Road,28.42954,77.08967,suv,0,12,4.17,0,30,
U02210,2024-06-16,south,Sohna Road,28.40928,77.04158,hatchback,0,7,4.29,0,172,
U02211,2025-06-17,north,Golf Course Road,28.46486,77.09946,sedan,0,6,4.0,0,92,
U02212,2025-04-04,east,Sector 56,28.42401,77.11184,sedan,0,7,3.57,0,34,
U02213,2025-02-03,south,Manesar,28.34261,76.93653,hatchback,1,26,2.81,7,11,1
U02214,2024-10-11,north,Cyber Hub,28.4955,77.08826,suv,0,8,3.25,1,31,
U02215,2025-05-15,north,Golf Course Road,28.43611,77.09643,hatchback,0,8,3.62,0,88,
U02216,2024-08-03,north,Golf Course Road,28.45907,77.07712,suv,0,11,3.64,0,112,
U02217,2025-09-18,north,Udyog Vihar,28.50485,77.07886,sedan,0,12,4.67,0,13,
U02218,2025-10-12,north,Cyber Hub,28.48853,77.07336,sedan,0,7,4.29,0,155,
U02219,2024-02-05,west,New Gurgaon,28.41918,76.98331,hatchback,0,4,3.75,0,10,
U02220,2024-04-11,east,Sector 56,28.40376,77.10601,hatchback,0,15,4.33,0,20,
U02221,2025-07-31,north,DLF Phase 3,28.4914,77.08722,hatchback,0,13,4.54,0,19,
U02222,2024-09-19,east,Sector 56,28.42912,77.09362,sedan,0,5,3.6,0,182,
U02223,2024-03-04,north,Cyber Hub,28.49283,77.07986,suv,1,31,3.03,3,23,0
U02224,2025-02-23,south,Sohna Road,28.38064,77.02637,suv,1,30,3.63,0,18,0
U02225,2025-11-11,east,Sector 56,28.45024,77.10212,hatchback,0,11,4.55,0,214,
U02226,2024-01-01,north,Cyber Hub,28.50673,77.0891,hatchback,0,6,4.0,0,43,
U02227,2025-09-05,north,Cyber Hub,28.49507,77.08394,sedan,0,11,4.36,0,39,
U02228,2025-10-31,south,Manesar,28.34252,76.93828,suv,1,22,4.05,0,9,0
U02229,2025-06-24,south,Sohna Road,28.39255,77.05077,suv,1,31,3.77,2,72,1
U02230,2024-12-31,north,DLF Phase 3,28.50728,77.08008,suv,1,26,4.23,0,26,1
U02231,2024-06-21,north,Golf Course Road,28.42336,77.08397,suv,0,6,4.0,0,209,
U02232,2025-10-01,north,Cyber Hub,28.49008,77.09923,sedan,0,12,3.58,0,10,
U02233,2025-01-29,north,Cyber Hub,28.48571,77.08433,hatchback,0,11,3.55,0,18,
U02234,2024-11-09,north,Cyber Hub,28.49165,77.08485,hatchback,1,30,4.5,0,78,1
U02235,2024-06-27,south,Manesar,28.38104,76.93796,hatchback,1,28,3.57,0,19,0
U02236,2024-05-02,north,Golf Course Road,28.44129,77.10606,sedan,0,9,4.56,0,102,
U02237,2024-07-26,north,Cyber Hub,28.48155,77.09802,hatchback,0,6,4.33,0,117,
U02238,2025-09-18,north,Golf Course Road,28.45084,77.12464,hatchback,1,30,4.27,0,52,1
U02239,2025-11-19,west,New Gurgaon,28.40963,76.95386,sedan,0,10,3.3,3,151,
U02240,2024-12-07,north,Golf Course Road,28.45658,77.0982,suv,0,9,3.78,0,74,
U02241,2024-04-30,north,Golf Course Road,28.44945,77.09396,hatchback,0,6,3.83,0,180,
U02242,2024-03-08,west,Sector 14,28.45291,77.05005,sedan,0,6,4.67,0,62,
U02243,2025-10-11,north,DLF Phase 3,28.49035,77.10637,hatchback,1,27,3.78,2,4,1
U02244,2025-07-05,west,Palam Vihar,28.5244,77.03748,sedan,0,4,4.0,0,102,
U02245,2025-10-14,north,Udyog Vihar,28.5209,77.09111,sedan,0,13,3.0,3,108,
U02246,2025-10-25,west,Sector 14,28.45479,77.01684,sedan,0,8,4.25,0,56,
U02247,2025-02-24,west,Palam Vihar,28.51637,77.0411,suv,0,14,3.64,0,0,
U02248,2024-08-21,north,Golf Course Road,28.42486,77.10205,sedan,0,7,4.14,0,30,
U02249,2024-11-19,west,Palam Vihar,28.49393,77.03438,hatchback,0,6,3.33,0,155,
U02250,2025-11-12,north,DLF Phase 3,28.47211,77.09657,hatchback,0,11,3.45,1,108,
U02251,2025-02-20,east,Sector 56,28.40798,77.09403,sedan,1,27,3.33,1,26,1
U02252,2024-11-27,west,Palam Vihar,28.51077,77.03685,hatchback,1,32,3.81,0,68,1
U02253,2025-09-12,north,Udyog Vihar,28.49538,77.09396,hatchback,0,7,4.14,0,100,
U02254,2024-12-27,north,Udyog Vihar,28.49437,77.06726,hatchback,0,3,4.33,0,5,
U02255,2024-06-03,north,Golf Course Road,28.44736,77.10519,sedan,0,13,3.77,0,8,
U02256,2025-07-23,north,Udyog Vihar,28.50234,77.09518,sedan,1,24,4.42,1,5,0
U02257,2024-07-02,east,Sector 56,28.42532,77.11354,sedan,0,8,3.5,0,20,
U02258,2024-06-26,west,Palam Vihar,28.52759,77.04082,suv,0,11,3.36,0,40,
U02259,2024-09-21,north,Golf Course Road,28.44101,77.12132,sedan,0,5,3.8,0,227,
U02260,2024-06-21,west,New Gurgaon,28.41575,76.99158,hatchback,0,7,4.0,0,88,
U02261,2024-10-31,south,Sohna Road,28.41023,77.03435,sedan,1,32,4.41,0,13,0
U02262,2024-06-25,north,Cyber Hub,28.50276,77.10273,hatchback,0,9,3.89,0,49,
U02263,2024-04-05,west,Sector 14,28.4704,77.04234,hatchback,0,4,3.75,0,167,
U02264,2025-09-16,north,Cyber Hub,28.47557,77.08519,hatchback,1,28,4.04,0,21,0
U02265,2024-07-08,west,Palam Vihar,28.50685,77.03464,sedan,1,29,4.07,0,21,0
U02266,2025-05-10,north,Cyber Hub,28.5095,77.0748,sedan,0,10,4.6,0,79,
U02267,2024-07-26,west,Sector 14,28.46868,77.00876,suv,1,41,3.22,4,11,1
U02268,2024-03-02,north,DLF Phase 3,28.49118,77.09872,sedan,0,8,4.62,0,88,
U02269,2025-08-06,east,Sector 56,28.42554,77.11272,hatchback,1,28,4.46,0,38,0
U02270,2024-08-13,south,Sohna Road,28.39632,77.03254,sedan,1,23,3.74,0,2,1
U02271,2025-10-04,north,Golf Course Road,28.46373,77.07922,hatchback,0,14,4.07,0,123,
U02272,2024-05-30,south,Sohna Road,28.40501,77.03952,suv,0,11,3.73,0,113,
U02273,2025-03-08,west,New Gurgaon,28.42515,76.97487,sedan,0,6,3.83,0,43,
U02274,2025-09-09,north,DLF Phase 3,28.49872,77.08174,hatchback,0,9,3.44,0,74,
U02275,2024-06-30,north,Golf Course Road,28.43855,77.10711,suv,0,10,3.8,0,33,
U02276,2025-03-30,north,Cyber Hub,28.48152,77.07665,hatchback,0,7,3.71,0,130,
U02277,2024-05-03,north,Cyber Hub,28.48479,77.08986,suv,0,8,4.5,0,91,
U02278,2024-01-31,north,DLF Phase 3,28.4992,77.08568,hatchback,0,4,3.5,0,170,
U02279,2025-03-26,north,Cyber Hub,28.49089,77.08597,sedan,0,8,4.38,0,65,
U02280,2025-05-11,east,Sector 56,28.39624,77.09334,suv,0,14,3.43,0,16,
U02281,2025-03-25,north,Cyber Hub,28.47479,77.07505,hatchback,0,10,3.4,0,5,
U02282,2024-08-26,north,Cyber Hub,28.48049,77.0941,sedan,0,3,4.0,0,231,
U02283,2025-07-12,north,DLF Phase 3,28.50427,77.10819,sedan,1,30,4.23,0,38,0
U02284,2025-10-02,north,Udyog Vihar,28.52134,77.09589,sedan,1,31,4.06,0,31,0
U02285,2025-09-23,north,Udyog Vihar,28.51584,77.09615,hatchback,1,25,3.36,2,47,0
U02286,2025-02-07,west,Sector 14,28.48403,77.03563,hatchback,0,9,3.89,0,136,
U02287,2025-09-05,north,Cyber Hub,28.4898,77.09461,hatchback,1,30,3.67,2,29,0
U02288,2024-07-25,west,Sector 14,28.46809,77.04597,hatchback,1,31,4.55,0,1,0
U02289,2025-11-03,south,Sohna Road,28.39729,77.02739,hatchback,0,9,3.89,0,26,
U02290,2024-06-22,east,Sector 56,28.39432,77.10554,sedan,0,6,3.67,0,16,
U02291,2024-01-07,north,Udyog Vihar,28.4891,77.08823,suv,0,8,4.38,0,7,
U02292,2025-10-26,west,Sector 14,28.48822,77.02928,hatchback,1,23,4.61,0,5,0
U02293,2025-09-06,north,Golf Course Road,28.4543,77.12036,sedan,0,6,3.67,0,26,
U02294,2025-04-25,east,Sector 56,28.43244,77.0997,sedan,0,8,3.62,0,7,
U02295,2024-10-13,west,Palam Vihar,28.52914,77.01922,hatchback,0,8,3.88,0,162,
U02296,2024-09-08,north,Cyber Hub,28.48056,77.07823,hatchback,0,8,4.5,0,121,
U02297,2025-07-03,west,New Gurgaon,28.43071,76.97815,hatchback,0,8,4.12,0,33,
U02298,2024-08-28,north,DLF Phase 3,28.50669,77.09246,hatchback,1,25,3.4,0,3,0
U02299,2025-10-01,north,DLF Phase 3,28.50628,77.08229,suv,1,38,3.87,0,17,0
U02300,2024-10-29,north,Golf Course Road,28.43231,77.11459,suv,1,23,3.61,0,67,1
U02301,2024-08-26,south,Sohna Road,28.41813,77.04065,hatchback,0,9,4.33,0,206,
U02302,2025-01-16,east,Sector 56,28.42448,77.09459,sedan,0,4,3.75,0,2,
U02303,2025-03-02,south,Sohna Road,28.42186,77.02373,suv,1,29,3.24,2,11,0
U02304,2025-03-24,west,Sector 14,28.46596,77.0118,suv,0,8,3.38,0,122,
U02305,2025-06-10,south,Sohna Road,28.40301,77.00859,suv,1,34,4.12,0,33,0
U02306,2025-08-15,west,Sector 14,28.46489,77.01716,hatchback,0,6,3.0,0,180,
U02307,2025-04-09,east,Sector 56,28.42963,77.09672,suv,0,9,3.33,0,52,
U02308,2025-03-11,north,DLF Phase 3,28.49745,77.08603,hatchback,1,29,4.28,0,10,1
U02309,2025-09-04,north,DLF Phase 3,28.4961,77.0909,hatchback,1,24,4.25,0,4,0
U02310,2024-04-21,north,Golf Course Road,28.44837,77.11343,hatchback,0,9,4.44,0,25,
U02311,2024-03-30,south,Manesar,28.3842,76.97184,suv,0,12,3.67,0,0,
U02312,2025-09-29,north,Cyber Hub,28.49741,77.10401,suv,1,20,3.55,0,11,0
U02313,2025-11-03,south,Manesar,28.34095,76.92273,hatchback,0,8,3.12,0,10,
U02314,2024-07-16,north,Cyber Hub,28.50723,77.09848,sedan,0,13,3.77,0,86,
U02315,2025-03-06,south,Sohna Road,28.40306,77.03113,suv,1,37,4.43,0,18,0
U02316,2025-03-05,north,Udyog Vihar,28.5224,77.08022,sedan,0,1,3.0,0,66,
U02317,2025-05-22,south,Sohna Road,28.39665,77.03614,sedan,0,4,3.5,0,49,
U02318,2024-09-03,west,New Gurgaon,28.42077,76.98967,suv,1,29,3.97,0,26,1
U02319,2025-03-26,west,Palam Vihar,28.52258,77.01534,suv,1,25,3.36,1,38,1
U02320,2025-01-11,north,Cyber Hub,28.50541,77.08005,hatchback,0,12,3.5,1,0,
U02321,2025-06-17,north,Udyog Vihar,28.50763,77.10116,sedan,0,7,3.57,0,81,
U02322,2024-01-25,north,Udyog Vihar,28.50051,77.072,sedan,0,7,3.86,0,17,
U02323,2024-04-10,west,Palam Vihar,28.51537,77.04182,hatchback,0,8,4.0,0,152,
U02324,2024-11-15,east,Sector 56,28.40916,77.10268,sedan,0,6,3.67,0,11,
U02325,2025-04-16,west,New Gurgaon,28.43162,76.98596,sedan,0,19,4.53,0,74,
U02326,2024-09-05,north,Cyber Hub,28.48672,77.0685,suv,1,39,3.92,0,23,1
U02327,2024-01-23,north,DLF Phase 3,28.4808,77.07927,suv,1,25,3.24,1,18,0
U02328,2025-07-12,north,Cyber Hub,28.48161,77.07983,suv,1,23,3.22,3,31,1
U02329,2024-02-21,north,DLF Phase 3,28.48828,77.08634,sedan,0,5,4.8,0,52,
U02330,2024-05-28,west,Palam Vihar,28.52097,77.03339,hatchback,0,8,4.62,0,157,
U02331,2025-06-01,north,Golf Course Road,28.44359,77.09771,sedan,0,5,3.2,0,4,
U02332,2024-04-22,north,DLF Phase 3,28.48243,77.09089,sedan,0,13,3.23,0,80,
U02333,2025-03-21,south,Sohna Road,28.42586,77.0278,hatchback,0,9,4.44,0,95,
U02334,2025-04-16,north,Golf Course Road,28.43953,77.10181,hatchback,0,11,4.55,0,46,
U02335,2024-09-30,north,DLF Phase 3,28.46441,77.08786,sedan,1,26,4.0,0,83,0
U02336,2025-04-20,west,Sector 14,28.44188,77.01614,hatchback,1,30,4.33,0,5,1
U02337,2024-06-16,north,Udyog Vihar,28.49726,77.06541,sedan,1,26,3.62,0,39,0
U02338,2024-10-13,west,New Gurgaon,28.41163,76.97546,hatchback,1,30,4.33,0,64,1
U02339,2024-08-16,south,Sohna Road,28.40329,77.03662,suv,0,9,3.11,1,119,
U02340,2025-05-30,north,Golf Course Road,28.43339,77.09256,suv,0,10,3.5,0,136,
U02341,2025-09-27,north,Golf Course Road,28.4295,77.09473,hatchback,1,33,4.0,0,17,0
U02342,2025-01-27,north,Udyog Vihar,28.50576,77.08353,sedan,0,6,4.17,0,37,
U02343,2024-05-08,north,Cyber Hub,28.48894,77.09395,sedan,1,34,4.35,0,13,0
U02344,2025-03-04,north,Golf Course Road,28.44279,77.10525,suv,0,7,4.29,0,129,
U02345,2024-01-22,south,Manesar,28.35275,76.94369,sedan,1,32,3.25,4,5,1
U02346,2024-03-28,north,Udyog Vihar,28.50327,77.0712,suv,1,28,3.14,5,80,1
U02347,2025-08-20,north,Cyber Hub,28.491,77.10464,sedan,0,5,3.4,1,218,
U02348,2024-09-16,north,Cyber Hub,28.48844,77.10367,sedan,0,11,3.36,0,15,
U02349,2024-05-19,north,Cyber Hub,28.48091,77.08925,suv,1,24,3.96,0,57,1
U02350,2025-03-01,north,Udyog Vihar,28.49736,77.07932,sedan,1,27,4.59,0,4,0
U02351,2025-05-19,south,Sohna Road,28.40059,77.03223,hatchback,0,5,3.8,0,48,
U02352,2025-07-31,north,Udyog Vihar,28.49647,77.08112,sedan,0,6,3.67,0,15,
U02353,2025-04-16,north,Cyber Hub,28.49154,77.09797,hatchback,1,23,4.48,0,10,0
U02354,2025-06-06,west,Sector 14,28.47404,77.02543,sedan,0,7,3.29,0,19,
U02355,2024-06-23,south,Sohna Road,28.40552,77.04352,hatchback,1,38,4.08,0,15,0
U02356,2024-04-21,west,New Gurgaon,28.41837,76.99689,hatchback,1,29,3.34,1,15,0
U02357,2025-01-22,north,DLF Phase 3,28.48546,77.0943,sedan,0,4,4.25,0,13,
U02358,2025-10-16,west,Palam Vihar,28.50266,77.03092,hatchback,0,8,3.5,0,13,
U02359,2024-02-29,north,Cyber Hub,28.49024,77.1121,hatchback,0,8,3.62,0,73,
U02360,2025-07-29,west,Palam Vihar,28.51576,77.04002,sedan,0,7,3.71,0,110,
U02361,2024-05-25,west,Palam Vihar,28.50416,77.04031,sedan,0,9,4.11,0,3,
U02362,2024-02-05,south,Manesar,28.36076,76.91447,sedan,0,13,3.54,0,52,
U02363,2025-07-18,west,Palam Vihar,28.49383,77.03163,suv,1,22,4.18,0,0,1
U02364,2024-12-29,west,Sector 14,28.45201,77.04097,sedan,1,34,3.71,0,0,1
U02365,2024-01-16,north,Udyog Vihar,28.51421,77.09161,sedan,1,31,4.45,0,55,0
U02366,2025-08-30,west,New Gurgaon,28.43054,76.9824,suv,1,33,4.12,0,61,1
U02367,2025-03-18,north,DLF Phase 3,28.51708,77.10351,sedan,0,8,3.88,1,123,
U02368,2025-06-29,south,Manesar,28.3632,76.93974,sedan,0,9,3.78,1,37,
U02369,2025-01-28,south,Sohna Road,28.41582,77.03954,suv,0,16,3.44,0,60,
U02370,2024-01-27,north,Golf Course Road,28.45789,77.09125,hatchback,1,31,3.68,0,15,0
U02371,2024-03-08,north,Golf Course Road,28.42657,77.08938,sedan,0,5,3.8,0,134,
U02372,2024-01-12,north,Udyog Vihar,28.49884,77.09486,sedan,0,7,4.29,0,70,
U02373,2024-12-06,north,Udyog Vihar,28.5058,77.10517,sedan,0,12,3.5,0,102,
U02374,2025-02-26,west,Palam Vihar,28.51845,77.05789,sedan,0,6,3.5,0,46,
U02375,2024-04-17,north,DLF Phase 3,28.49482,77.09891,suv,0,10,4.7,0,12,
U02376,2025-02-03,west,Sector 14,28.47289,77.02962,hatchback,1,27,4.59,0,39,0
U02377,2025-04-28,south,Sohna Road,28.40572,77.04548,sedan,1,25,4.08,0,37,0
U02378,2025-03-30,south,Sohna Road,28.41456,77.0322,hatchback,1,27,3.19,3,2,1
U02379,2024-06-29,north,Cyber Hub,28.48535,77.08126,suv,1,27,4.04,0,110,0
U02380,2024-04-24,north,Udyog Vihar,28.48544,77.08503,hatchback,0,7,3.57,0,254,
U02381,2025-07-23,west,Sector 14,28.45731,77.03773,hatchback,0,4,4.25,0,80,
U02382,2024-10-23,north,Cyber Hub,28.49642,77.08297,sedan,1,28,4.54,0,1,0
U02383,2025-07-17,north,Udyog Vihar,28.52009,77.08547,hatchback,0,8,3.5,0,209,
U02384,2024-09-02,north,Golf Course Road,28.43479,77.09748,suv,0,10,4.5,0,88,
U02385,2024-11-22,north,Golf Course Road,28.44012,77.11041,sedan,1,27,3.89,0,21,0
U02386,2025-04-01,east,Sector 56,28.40417,77.10837,hatchback,0,5,4.4,0,54,
U02387,2024-03-10,south,Sohna Road,28.39727,77.0163,hatchback,0,8,3.0,2,24,
U02388,2025-02-01,north,Cyber Hub,28.49163,77.09447,hatchback,0,10,4.3,0,39,
U02389,2025-09-08,north,Golf Course Road,28.44215,77.09804,suv,0,10,4.5,0,54,
U02390,2024-10-30,north,Udyog Vihar,28.52279,77.09426,sedan,0,7,3.29,1,309,
U02391,2024-07-28,north,Golf Course Road,28.47868,77.0824,hatchback,0,11,4.36,0,35,
U02392,2025-04-06,north,DLF Phase 3,28.50442,77.10013,sedan,1,30,4.5,0,18,1
U02393,2024-05-11,west,Palam Vihar,28.49518,77.02862,sedan,1,32,4.19,0,25,0
U02394,2025-06-23,west,Palam Vihar,28.51509,77.05308,hatchback,1,33,3.48,1,11,0
U02395,2025-02-26,north,Golf Course Road,28.44973,77.10257,sedan,1,26,3.81,0,34,1
U02396,2024-12-16,north,Golf Course Road,28.4439,77.08079,hatchback,0,6,4.5,0,51,
U02397,2024-04-30,north,Udyog Vihar,28.50219,77.08612,hatchback,0,10,4.3,0,38,
U02398,2024-02-13,south,Manesar,28.36157,76.94702,suv,0,8,4.5,0,66,
U02399,2025-08-29,south,Sohna Road,28.41853,77.02599,hatchback,0,11,3.36,1,92,
U02400,2024-05-31,west,New Gurgaon,28.4209,76.99611,hatchback,0,10,3.2,0,75,
U02401,2025-07-27,south,Manesar,28.34992,76.92972,suv,0,6,4.0,0,100,
U02402,2024-09-30,north,Golf Course Road,28.43711,77.08442,suv,0,13,4.54,0,9,
U02403,2025-07-02,south,Sohna Road,28.42529,77.04664,suv,0,8,3.75,0,95,
U02404,2025-05-22,south,Sohna Road,28.41784,77.03972,hatchback,0,10,4.5,0,3,
U02405,2024-11-03,north,DLF Phase 3,28.50699,77.08913,sedan,0,11,3.82,0,65,
U02406,2025-11-11,north,DLF Phase 3,28.48615,77.11199,sedan,0,8,3.12,2,159,
U02407,2024-11-25,south,Sohna Road,28.41074,77.03192,suv,1,35,3.71,0,11,0
U02408,2025-09-16,north,Golf Course Road,28.4522,77.10106,sedan,1,27,3.44,0,46,1
U02409,2025-09-27,south,Manesar,28.35534,76.91692,hatchback,0,3,3.33,1,85,
U02410,2024-03-12,west,Palam Vihar,28.51771,77.03661,suv,1,23,3.22,2,62,0
U02411,2025-08-06,north,DLF Phase 3,28.48958,77.11501,suv,1,21,3.62,0,20,0
U02412,2025-10-18,west,Palam Vihar,28.51504,77.04183,hatchback,1,16,4.0,0,48,0
U02413,2024-05-14,north,Golf Course Road,28.441,77.09762,suv,0,9,3.78,0,30,
U02414,2025-11-12,north,DLF Phase 3,28.49635,77.0828,suv,0,9,3.67,0,136,
U02415,2024-05-07,north,DLF Phase 3,28.49766,77.11203,suv,0,8,4.0,0,55,
U02416,2024-02-29,north,DLF Phase 3,28.48157,77.08841,suv,0,16,3.88,0,74,
U02417,2024-06-12,east,Sector 56,28.40391,77.10827,suv,1,33,4.39,0,44,0
U02418,2024-11-26,north,Cyber Hub,28.48367,77.10523,hatchback,0,7,3.14,0,113,
U02419,2024-08-22,south,Sohna Road,28.4096,77.04624,sedan,0,5,4.0,0,127,
U02420,2024-07-14,north,DLF Phase 3,28.50006,77.09796,suv,1,23,4.22,0,21,0
U02421,2025-01-25,north,Cyber Hub,28.50773,77.06293,suv,1,25,4.28,0,3,0
U02422,2024-06-03,north,Cyber Hub,28.49771,77.07174,suv,0,6,4.17,0,24,
U02423,2025-08-02,north,Golf Course Road,28.46304,77.09943,suv,0,8,4.12,0,143,
U02424,2025-03-07,west,New Gurgaon,28.41346,76.98345,suv,0,9,3.33,1,102,
U02425,2024-09-13,west,Palam Vihar,28.51465,77.03522,hatchback,1,19,3.95,0,3,1
U02426,2024-08-12,west,New Gurgaon,28.40151,76.95854,hatchback,1,31,4.19,0,4,0
U02427,2025-03-22,west,Sector 14,28.48484,77.03151,sedan,0,12,3.75,0,83,
U02428,2024-10-22,west,Sector 14,28.47151,77.0401,hatchback,1,30,3.77,0,17,0
U02429,2025-02-05,north,DLF Phase 3,28.50755,77.08872,hatchback,0,6,3.5,0,30,
U02430,2025-01-08,east,Sector 56,28.4164,77.09325,sedan,1,24,4.25,0,46,0
U02431,2024-12-31,north,Cyber Hub,28.49284,77.09622,sedan,0,4,3.0,1,298,
U02432,2025-09-01,north,Cyber Hub,28.49615,77.09795,sedan,0,9,3.67,0,53,
U02433,2025-09-18,west,Palam Vihar,28.50947,77.03705,suv,0,7,4.43,0,76,
U02434,2025-03-15,north,DLF Phase 3,28.48983,77.09539,hatchback,1,31,3.97,0,5,0
U02435,2025-05-12,east,Sector 56,28.42655,77.09194,hatchback,0,13,3.46,0,24,
U02436,2025-02-07,north,Cyber Hub,28.50436,77.10053,hatchback,0,6,3.5,0,19,
U02437,2024-08-23,north,DLF Phase 3,28.49376,77.10069,sedan,1,26,3.42,1,3,0
U02438,2024-11-02,north,Cyber Hub,28.48324,77.09199,sedan,0,15,3.6,0,4,
U02439,2024-05-04,west,Sector 14,28.46418,77.0124,sedan,0,8,3.5,0,51,
U02440,2025-03-27,west,Sector 14,28.46143,77.01106,hatchback,0,7,4.29,0,1,
U02441,2025-09-09,west,Palam Vihar,28.51528,77.01397,hatchback,0,9,3.78,0,46,
U02442,2024-02-21,north,Udyog Vihar,28.50813,77.09836,suv,0,12,4.08,0,0,
U02443,2024-01-30,west,Sector 14,28.45647,77.02001,sedan,0,7,3.86,0,75,
U02444,2024-01-16,east,Sector 56,28.4355,77.10342,sedan,0,7,4.71,0,54,
U02445,2025-03-02,west,Sector 14,28.48505,77.03561,suv,0,9,3.33,0,115,
U02446,2025-06-22,south,Manesar,28.35704,76.92799,suv,0,6,3.5,0,93,
U02447,2024-07-27,north,DLF Phase 3,28.521,77.09798,hatchback,1,34,3.91,0,9,1
U02448,2025-06-26,north,Cyber Hub,28.50512,77.0945,suv,1,27,3.44,0,57,0
U02449,2025-06-21,north,Udyog Vihar,28.48659,77.0925,hatchback,0,5,4.0,0,208,
U02450,2024-06-06,south,Sohna Road,28.41523,77.04533,sedan,0,11,3.91,0,31,
U02451,2024-01-03,west,Palam Vihar,28.51792,77.03416,hatchback,0,12,4.75,0,166,
U02452,2025-08-26,south,Sohna Road,28.42937,77.03079,sedan,1,31,4.81,0,31,0
U02453,2025-09-27,north,Cyber Hub,28.48629,77.09529,sedan,0,7,4.43,0,30,
U02454,2025-10-17,north,Cyber Hub,28.50403,77.07329,hatchback,0,6,4.67,0,42,
U02455,2025-09-21,north,Golf Course Road,28.43247,77.10357,sedan,1,20,4.55,0,81,1
U02456,2024-11-20,north,Cyber Hub,28.47937,77.10138,hatchback,0,13,3.69,0,42,
U02457,2024-09-25,east,Sector 56,28.42543,77.12552,hatchback,0,4,3.5,0,116,
U02458,2024-08-31,north,Cyber Hub,28.48121,77.08778,suv,1,27,4.52,0,43,1
U02459,2025-08-28,west,Palam Vihar,28.50321,77.01203,suv,1,30,3.8,0,29,0
U02460,2024-06-20,north,Udyog Vihar,28.48521,77.08455,suv,1,25,3.44,1,37,0
U02461,2024-12-03,west,Palam Vihar,28.5069,77.05519,sedan,0,11,3.73,0,8,
U02462,2025-07-19,south,Manesar,28.33799,76.93024,hatchback,0,12,3.08,0,112,
U02463,2025-09-21,north,Udyog Vihar,28.49032,77.07854,sedan,1,28,3.21,2,42,0
U02464,2025-09-12,north,DLF Phase 3,28.51739,77.10784,hatchback,1,28,3.75,0,2,1
U02465,2025-07-04,east,Sector 56,28.4075,77.09338,hatchback,0,6,4.33,0,87,
U02466,2024-12-13,south,Sohna Road,28.4046,77.05218,hatchback,0,8,3.62,0,117,
U02467,2024-02-05,north,Cyber Hub,28.51072,77.08101,suv,0,13,4.08,0,3,
U02468,2025-06-23,west,New Gurgaon,28.42288,76.96328,hatchback,0,10,4.2,0,3,
U02469,2025-07-28,north,Udyog Vihar,28.50182,77.07008,sedan,1,29,3.34,2,3,1
U02470,2025-02-04,south,Manesar,28.38739,76.95073,suv,0,9,2.89,3,6,
U02471,2025-07-12,west,Sector 14,28.4723,77.02313,suv,0,2,5.0,0,110,
U02472,2025-05-21,north,Golf Course Road,28.4408,77.10714,suv,0,9,3.56,0,121,
U02473,2024-07-15,north,Cyber Hub,28.49739,77.09246,sedan,0,8,4.62,0,84,
U02474,2024-01-11,west,Sector 14,28.47434,77.05261,suv,0,6,4.17,0,11,
U02475,2025-04-01,west,New Gurgaon,28.42564,76.9794,suv,1,30,4.5,0,11,0
U02476,2025-01-17,north,DLF Phase 3,28.49438,77.10173,sedan,0,12,3.25,1,4,
U02477,2025-03-04,south,Manesar,28.32812,76.94218,sedan,0,9,4.11,0,11,
U02478,2025-11-20,north,Golf Course Road,28.45344,77.08016,sedan,0,6,4.33,0,175,
U02479,2025-11-08,east,Sector 56,28.40534,77.09341,hatchback,0,7,3.71,0,95,
U02480,2024-01-28,north,DLF Phase 3,28.483,77.11166,sedan,0,5,4.0,0,192,
U02481,2025-09-25,north,Golf Course Road,28.45974,77.10374,suv,0,9,4.33,0,38,
U02482,2025-07-23,west,Palam Vihar,28.51639,77.04051,suv,1,28,4.39,0,68,1
U02483,2025-11-11,north,Golf Course Road,28.44664,77.10279,hatchback,0,6,4.0,0,164,
U02484,2024-12-07,east,Sector 56,28.4184,77.09913,sedan,0,5,4.2,0,47,
U02485,2024-11-07,north,Udyog Vihar,28.50856,77.08393,sedan,0,5,3.6,0,52,
U02486,2025-02-01,north,Golf Course Road,28.44039,77.10675,suv,1,32,4.38,0,21,1
U02487,2025-07-28,west,Sector 14,28.45993,77.01822,hatchback,0,13,4.15,0,42,
U02488,2025-09-06,south,Sohna Road,28.39706,77.04295,sedan,1,29,4.62,0,33,0
U02489,2024-12-09,north,Udyog Vihar,28.49703,77.06879,sedan,1,25,3.88,0,11,0
U02490,2024-09-25,west,Palam Vihar,28.51742,77.05084,sedan,0,13,4.08,0,95,
U02491,2024-05-30,west,Sector 14,28.49275,77.02626,suv,0,9,4.0,0,22,
U02492,2024-03-17,north,Cyber Hub,28.50563,77.09801,hatchback,1,24,3.21,2,3,0
U02493,2025-04-17,north,Udyog Vihar,28.49919,77.07005,sedan,0,9,4.56,0,80,
U02494,2025-09-04,east,Sector 56,28.44018,77.10345,sedan,1,30,4.37,0,3,0
U02495,2024-03-04,east,Sector 56,28.43081,77.06676,hatchback,0,10,3.5,0,3,
U02496,2024-12-09,north,Cyber Hub,28.48783,77.09176,sedan,1,24,3.46,2,13,0
U02497,2025-07-07,north,Cyber Hub,28.50418,77.09283,hatchback,1,24,3.58,1,17,1
U02498,2024-01-08,west,Sector 14,28.46755,77.04156,hatchback,0,5,4.2,0,102,
U02499,2024-07-18,north,Cyber Hub,28.49646,77.07945,sedan,0,9,3.44,0,145,
U02500,2024-01-02,east,Sector 56,28.40563,77.10989,sedan,0,10,4.0,0,31,
U02501,2024-06-18,north,Golf Course Road,28.4396,77.10809,suv,1,30,4.2,0,17,0
U02502,2025-10-20,north,DLF Phase 3,28.49789,77.08836,sedan,0,6,3.17,0,160,
U02503,2024-09-18,north,Udyog Vihar,28.50922,77.06741,sedan,0,9,3.67,0,99,
U02504,2024-01-23,north,Udyog Vihar,28.5033,77.09468,sedan,1,27,3.85,0,17,0
U02505,2025-06-02,west,Sector 14,28.46263,77.00262,hatchback,0,10,3.6,0,4,
U02506,2024-12-07,west,Palam Vihar,28.50003,77.04258,suv,0,6,4.0,0,116,
U02507,2024-03-30,north,Udyog Vihar,28.48614,77.09044,hatchback,1,31,3.87,0,20,0
U02508,2024-07-04,north,Udyog Vihar,28.51478,77.08851,suv,1,31,3.81,1,1,0
U02509,2024-08-09,north,Udyog Vihar,28.52531,77.06526,hatchback,0,7,3.71,1,122,
U02510,2024-04-25,south,Manesar,28.34731,76.93215,sedan,1,24,2.96,6,12,1
U02511,2025-10-24,south,Sohna Road,28.39714,77.03657,sedan,1,25,3.8,0,1,0
U02512,2024-11-21,south,Sohna Road,28.40592,77.03892,sedan,0,10,4.8,0,178,
U02513,2025-07-11,north,Udyog Vihar,28.51195,77.08505,hatchback,1,25,3.24,1,35,1
U02514,2024-09-28,north,Golf Course Road,28.45341,77.10361,suv,1,33,3.45,1,25,0
U02515,2024-01-26,south,Manesar,28.34709,76.94316,suv,1,31,3.77,0,7,1
U02516,2025-06-02,north,Golf Course Road,28.42623,77.08392,sedan,0,8,4.25,0,45,
U02517,2024-11-28,west,Palam Vihar,28.5048,77.03646,suv,1,26,3.62,0,39,0
U02518,2025-04-08,north,DLF Phase 3,28.47646,77.08583,hatchback,0,8,3.62,0,31,
U02519,2024-05-25,west,Palam Vihar,28.52994,77.02975,suv,1,33,4.24,0,35,0
U02520,2024-11-18,north,Golf Course Road,28.42708,77.10876,hatchback,1,29,4.21,0,28,0
U02521,2025-03-27,west,Sector 14,28.45175,77.0319,sedan,0,11,4.55,0,16,
U02522,2025-05-31,west,Palam Vihar,28.50284,77.03287,sedan,1,25,4.56,0,47,0
U02523,2025-09-28,west,Sector 14,28.47496,77.02644,sedan,0,7,4.43,0,52,
U02524,2025-09-25,north,DLF Phase 3,28.48488,77.09145,suv,0,6,3.33,0,48,
U02525,2024-04-29,west,Palam Vihar,28.50857,77.03399,suv,0,3,4.0,0,217,
U02526,2024-02-06,north,Golf Course Road,28.43152,77.1081,hatchback,1,33,3.27,1,2,1
U02527,2024-02-20,north,DLF Phase 3,28.50291,77.07393,hatchback,1,23,3.3,0,2,0
U02528,2025-07-10,west,Palam Vihar,28.52016,77.01779,hatchback,0,7,4.14,0,46,
U02529,2025-09-21,west,Sector 14,28.46767,77.02681,suv,0,5,3.8,0,48,
U02530,2025-05-25,east,Sector 56,28.41863,77.10392,hatchback,0,11,3.82,0,17,
U02531,2024-12-31,north,DLF Phase 3,28.47573,77.10508,hatchback,0,7,3.71,0,166,
U02532,2025-03-09,north,Udyog Vihar,28.49745,77.07308,hatchback,1,29,3.1,4,40,0
U02533,2024-05-23,north,Cyber Hub,28.50576,77.10526,sedan,1,24,4.38,0,38,0
U02534,2024-02-05,north,Golf Course Road,28.43811,77.08479,suv,0,8,3.88,0,142,
U02535,2024-07-11,south,Sohna Road,28.40506,77.04066,suv,1,28,3.18,3,65,1
U02536,2025-06-15,south,Sohna Road,28.40475,77.03388,sedan,0,8,4.38,0,25,
U02537,2024-07-04,west,New Gurgaon,28.42908,76.98654,hatchback,1,27,3.67,0,50,1
U02538,2025-10-16,west,Sector 14,28.44618,77.02601,suv,0,7,4.0,0,123,
U02539,2024-03-14,east,Sector 56,28.43361,77.08954,hatchback,1,23,3.87,0,5,0
U02540,2025-08-22,north,DLF Phase 3,28.49077,77.09343,suv,0,7,3.86,0,32,
U02541,2025-03-28,north,Golf Course Road,28.4424,77.0839,sedan,1,19,4.16,0,22,0
U02542,2024-08-07,north,Cyber Hub,28.504,77.08174,suv,0,7,3.71,0,59,
U02543,2025-11-23,north,Golf Course Road,28.43937,77.1071,hatchback,0,13,3.62,0,20,
U02544,2024-11-19,south,Sohna Road,28.42284,77.05614,sedan,1,28,4.18,0,6,0
U02545,2025-02-10,west,New Gurgaon,28.41576,76.98845,suv,0,9,3.89,0,11,
U02546,2024-04-06,north,DLF Phase 3,28.48776,77.09461,sedan,1,34,3.88,0,7,0
U02547,2024-11-29,south,Sohna Road,28.40054,77.02852,hatchback,0,9,3.0,1,52,
U02548,2024-08-19,east,Sector 56,28.41894,77.10517,hatchback,1,28,3.46,1,10,0
U02549,2024-04-07,west,Palam Vihar,28.50339,77.01867,hatchback,0,4,4.0,0,137,
U02550,2024-10-07,west,Sector 14,28.4568,77.02687,suv,0,5,3.4,0,48,
U02551,2025-07-13,north,Cyber Hub,28.48403,77.08316,suv,1,24,3.08,2,34,1
U02552,2024-01-18,north,Cyber Hub,28.49335,77.06719,sedan,0,9,4.0,0,71,
U02553,2024-08-30,north,Cyber Hub,28.50386,77.10254,sedan,0,4,3.75,0,486,
U02554,2025-09-17,north,Golf Course Road,28.43941,77.08995,sedan,0,10,3.7,0,34,
U02555,2024-03-28,west,Sector 14,28.47031,77.02062,suv,0,10,3.5,1,10,
U02556,2024-02-22,north,DLF Phase 3,28.49186,77.08769,sedan,0,7,3.29,0,60,
U02557,2024-12-10,north,Golf Course Road,28.44341,77.09298,suv,0,11,4.18,0,41,
U02558,2025-11-09,north,Cyber Hub,28.51151,77.0899,sedan,0,5,3.8,0,109,
U02559,2024-09-06,south,Manesar,28.35071,76.94541,hatchback,0,8,2.88,3,93,
U02560,2024-03-11,east,Sector 56,28.38614,77.11103,suv,1,28,3.5,1,17,0
U02561,2025-06-03,south,Sohna Road,28.40201,77.03138,hatchback,0,5,3.0,0,21,
U02562,2024-07-14,south,Sohna Road,28.3946,77.03691,hatchback,0,12,3.67,0,103,
U02563,2024-09-11,west,Palam Vihar,28.5199,77.02981,suv,1,28,4.32,0,40,0
U02564,2025-11-26,north,Golf Course Road,28.45273,77.098,suv,0,8,3.5,0,104,
U02565,2024-07-05,north,Golf Course Road,28.45341,77.09966,sedan,1,34,3.94,0,8,0
U02566,2025-10-25,north,Golf Course Road,28.43171,77.11669,suv,1,25,3.72,1,3,0
U02567,2024-01-22,west,Palam Vihar,28.52563,77.03313,suv,1,26,3.5,0,18,1
U02568,2025-03-29,north,Golf Course Road,28.44047,77.10454,hatchback,1,28,4.43,0,32,1
U02569,2024-05-19,north,Cyber Hub,28.50389,77.09271,hatchback,1,23,4.13,0,9,0
U02570,2025-09-22,north,DLF Phase 3,28.48552,77.06231,hatchback,1,27,4.48,0,9,0
U02571,2025-04-16,west,New Gurgaon,28.41233,76.95953,hatchback,0,9,3.0,2,104,
U02572,2025-03-22,north,Golf Course Road,28.45048,77.09836,sedan,1,31,4.1,0,20,0
U02573,2024-08-28,west,Palam Vihar,28.51367,77.04431,hatchback,0,10,4.4,0,83,
U02574,2024-02-06,north,Golf Course Road,28.44035,77.0913,suv,0,10,4.3,0,5,
U02575,2025-11-11,north,Golf Course Road,28.43439,77.11488,hatchback,1,33,3.45,2,4,0
U02576,2024-02-21,west,Sector 14,28.48554,77.02137,suv,0,9,4.44,0,22,
U02577,2024-05-29,north,Golf Course Road,28.44687,77.10933,hatchback,0,7,3.71,0,44,
U02578,2025-07-11,north,Golf Course Road,28.44455,77.10409,sedan,1,34,3.32,0,16,1
U02579,2025-04-27,east,Sector 56,28.44229,77.06794,sedan,0,8,4.0,0,95,
U02580,2025-07-17,north,Cyber Hub,28.48638,77.09677,hatchback,1,33,3.48,0,25,0
U02581,2024-12-21,north,DLF Phase 3,28.50222,77.08669,suv,0,7,3.71,0,150,
U02582,2024-01-16,north,Golf Course Road,28.44318,77.08597,suv,0,2,5.0,0,187,
U02583,2024-01-03,north,Golf Course Road,28.4468,77.10074,hatchback,0,11,4.27,0,210,
U02584,2025-07-09,north,Udyog Vihar,28.50229,77.07032,sedan,1,29,3.48,0,32,0
U02585,2024-04-19,south,Sohna Road,28.40129,77.0363,hatchback,1,32,3.34,0,17,0
U02586,2024-04-03,west,Sector 14,28.4804,77.02263,sedan,0,10,3.4,1,12,
U02587,2024-05-06,north,Golf Course Road,28.42598,77.08933,hatchback,0,5,3.8,0,207,
U02588,2025-05-30,north,Cyber Hub,28.484,77.0983,hatchback,0,6,4.0,0,56,
U02589,2025-12-01,north,Golf Course Road,28.43538,77.10743,sedan,1,25,4.2,0,20,0
U02590,2025-01-16,west,Palam Vihar,28.51484,77.04236,sedan,0,16,4.44,0,123,
U02591,2024-01-21,west,New Gurgaon,28.41603,76.98431,hatchback,0,12,3.5,1,43,
U02592,2025-04-21,east,Sector 56,28.4184,77.0924,hatchback,1,27,4.41,0,21,0
U02593,2025-07-10,north,Cyber Hub,28.49512,77.08708,hatchback,0,3,4.33,0,103,
U02594,2025-04-24,north,Udyog Vihar,28.51081,77.09175,suv,1,30,4.23,0,2,0
U02595,2024-10-05,north,Cyber Hub,28.49858,77.09249,hatchback,0,17,4.47,0,94,
U02596,2025-01-24,north,Cyber Hub,28.49223,77.1047,suv,1,29,4.55,0,26,0
U02597,2025-09-12,west,Sector 14,28.47359,77.04983,suv,1,34,4.15,0,3,0
U02598,2024-01-12,north,Cyber Hub,28.49397,77.09439,suv,0,10,4.1,0,10,
U02599,2024-07-02,south,Sohna Road,28.39076,77.04997,hatchback,0,11,4.27,0,49,
U02600,2025-02-08,south,Sohna Road,28.39759,77.04765,sedan,1,37,3.46,3,18,1
